price,bedrooms,bathrooms,sqft_living,floors,waterfront,view,condition,grade,sqft_above,sqft_basement,lat,long,sqft_living15,price_per_square_feet,image_path
471000,3,1.75,1640,1.0,0,0,3,8,1340,300,47.7698,-122.167,2210,287.195122,C:\Users\vansh\Desktop\satellite imagery\project_root\images\lat_47_7698_lon_-122_167_0.png
820000,3,2.25,2880,2.0,0,0,3,10,2880,0,47.5575,-122.119,2920,284.7222222,C:\Users\vansh\Desktop\satellite imagery\project_root\images\lat_47_5575_lon_-122_119_1.png
359900,5,2.25,2290,1.0,0,0,3,7,1290,1000,47.4375,-122.166,1660,157.1615721,C:\Users\vansh\Desktop\satellite imagery\project_root\images\lat_47_4375_lon_-122_166_2.png
216000,3,1.0,1280,1.0,0,0,4,7,1280,0,47.3298,-122.297,1420,168.75,C:\Users\vansh\Desktop\satellite imagery\project_root\images\lat_47_3298_lon_-122_297_3.png
360000,3,1.75,1020,1.5,0,0,4,7,1020,0,47.7362,-122.314,1020,352.9411765,C:\Users\vansh\Desktop\satellite imagery\project_root\images\lat_47_7362_lon_-122_314_4.png
450000,3,1.5,1440,1.0,0,0,3,7,1140,300,47.7394,-122.252,1590,312.5,C:\Users\vansh\Desktop\satellite imagery\project_root\images\lat_47_7394_lon_-122_252_5.png
314950,3,1.0,1040,1.0,0,0,4,7,1040,0,47.4812,-122.097,1660,302.8365385,C:\Users\vansh\Desktop\satellite imagery\project_root\images\lat_47_4812_lon_-122_097_6.png
350000,3,1.0,1390,1.0,0,0,4,7,910,480,47.704,-122.343,1320,251.7985612,C:\Users\vansh\Desktop\satellite imagery\project_root\images\lat_47_704_lon_-122_343_7.png
269950,3,2.25,1660,2.0,0,0,3,7,1660,0,47.3599,-122.188,1840,162.6204819,C:\Users\vansh\Desktop\satellite imagery\project_root\images\lat_47_3599_lon_-122_188_8.png
435000,3,2.5,3380,2.0,0,0,3,8,2200,1180,47.7462,-121.978,2060,128.6982249,C:\Users\vansh\Desktop\satellite imagery\project_root\images\lat_47_7462_lon_-121_978_9.png
342000,4,2.5,2300,2.0,0,0,3,8,2300,0,47.3813,-122.204,1860,148.6956522,C:\Users\vansh\Desktop\satellite imagery\project_root\images\lat_47_3813_lon_-122_204_10.png
905000,4,2.5,3520,2.0,0,0,4,10,3520,0,47.5535,-122.095,3470,257.1022727,C:\Users\vansh\Desktop\satellite imagery\project_root\images\lat_47_5535_lon_-122_095_11.png
275000,3,2.5,2710,2.0,0,0,3,7,2710,0,47.3357,-122.171,2720,101.4760148,C:\Users\vansh\Desktop\satellite imagery\project_root\images\lat_47_3357_lon_-122_171_12.png
499000,3,2.25,1780,2.0,0,0,3,8,1780,0,47.5495,-121.997,1770,280.3370787,C:\Users\vansh\Desktop\satellite imagery\project_root\images\lat_47_5495_lon_-121_997_13.png
402000,3,3.5,1240,2.0,0,0,3,7,1000,240,47.5496,-122.388,1110,324.1935484,C:\Users\vansh\Desktop\satellite imagery\project_root\images\lat_47_5496_lon_-122_388_14.png
700000,4,1.75,2360,1.0,0,0,3,7,1280,1080,47.6465,-122.357,1700,296.6101695,C:\Users\vansh\Desktop\satellite imagery\project_root\images\lat_47_6465_lon_-122_357_15.png
952500,4,1.5,2550,2.0,0,0,4,10,2550,0,47.636,-122.301,1970,373.5294118,C:\Users\vansh\Desktop\satellite imagery\project_root\images\lat_47_636_lon_-122_301_16.png
401000,2,1.0,840,1.0,0,0,4,7,840,0,47.7019,-122.366,1100,477.3809524,C:\Users\vansh\Desktop\satellite imagery\project_root\images\lat_47_7019_lon_-122_366_17.png
590000,3,2.25,2300,1.0,0,2,4,8,1580,720,47.435,-122.347,2500,256.5217391,C:\Users\vansh\Desktop\satellite imagery\project_root\images\lat_47_435_lon_-122_347_18.png
607500,3,1.5,1800,1.0,0,0,3,7,1200,600,47.6858,-122.385,1580,337.5,C:\Users\vansh\Desktop\satellite imagery\project_root\images\lat_47_6858_lon_-122_385_19.png
461000,3,3.25,2770,2.0,0,0,3,9,1980,790,47.5228,-122.199,1900,166.4259928,C:\Users\vansh\Desktop\satellite imagery\project_root\images\lat_47_5228_lon_-122_199_20.png
659000,4,2.5,3190,1.0,0,0,5,8,2210,980,47.704,-122.3,1100,206.5830721,C:\Users\vansh\Desktop\satellite imagery\project_root\images\lat_47_704_lon_-122_3_21.png
234000,3,1.0,1040,1.0,0,0,3,6,1040,0,47.7425,-121.981,1520,225.0,C:\Users\vansh\Desktop\satellite imagery\project_root\images\lat_47_7425_lon_-121_981_22.png
242000,3,1.75,1280,1.5,0,0,4,7,1280,0,47.3961,-122.188,1500,189.0625,C:\Users\vansh\Desktop\satellite imagery\project_root\images\lat_47_3961_lon_-122_188_23.png
424000,4,2.0,2100,2.0,0,0,3,8,2100,0,47.7521,-122.279,1450,201.9047619,C:\Users\vansh\Desktop\satellite imagery\project_root\images\lat_47_7521_lon_-122_279_24.png
760000,3,2.5,2050,1.0,0,2,3,9,1600,450,47.759,-122.371,2930,370.7317073,C:\Users\vansh\Desktop\satellite imagery\project_root\images\lat_47_759_lon_-122_371_25.png
505000,2,1.0,1250,1.0,0,0,3,7,950,300,47.6959,-122.365,1290,404.0,C:\Users\vansh\Desktop\satellite imagery\project_root\images\lat_47_6959_lon_-122_365_26.png
430000,3,1.5,1810,1.5,0,0,3,7,1810,0,47.3392,-121.897,2480,237.5690608,C:\Users\vansh\Desktop\satellite imagery\project_root\images\lat_47_3392_lon_-121_897_27.png
496800,4,2.25,1850,2.5,0,0,3,8,1850,0,47.543,-122.372,1850,268.5405405,C:\Users\vansh\Desktop\satellite imagery\project_root\images\lat_47_543_lon_-122_372_28.png
389950,4,2.5,2240,2.0,0,0,3,8,2240,0,47.496,-122.169,700,174.0848214,C:\Users\vansh\Desktop\satellite imagery\project_root\images\lat_47_496_lon_-122_169_29.png
255000,2,1.0,940,1.0,0,0,3,6,940,0,47.5445,-122.273,1900,271.2765957,C:\Users\vansh\Desktop\satellite imagery\project_root\images\lat_47_5445_lon_-122_273_30.png
168000,3,1.5,1370,1.0,0,0,4,6,1370,0,47.4499,-122.189,2350,122.6277372,C:\Users\vansh\Desktop\satellite imagery\project_root\images\lat_47_4499_lon_-122_189_31.png
240000,3,2.0,1460,1.0,0,0,3,7,1460,0,47.3463,-122.304,1580,164.3835616,C:\Users\vansh\Desktop\satellite imagery\project_root\images\lat_47_3463_lon_-122_304_32.png
748000,4,3.5,2770,2.0,0,0,3,8,1970,800,47.6327,-122.109,2180,270.0361011,C:\Users\vansh\Desktop\satellite imagery\project_root\images\lat_47_6327_lon_-122_109_33.png
413800,3,2.0,1440,1.0,0,0,3,8,1440,0,47.7188,-122.024,1440,287.3611111,C:\Users\vansh\Desktop\satellite imagery\project_root\images\lat_47_7188_lon_-122_024_34.png
350000,3,1.75,1260,2.0,0,0,3,8,1260,0,47.5476,-122.005,1410,277.7777778,C:\Users\vansh\Desktop\satellite imagery\project_root\images\lat_47_5476_lon_-122_005_35.png
840000,3,1.75,2020,1.0,0,0,4,8,1090,930,47.6726,-122.294,1680,415.8415842,C:\Users\vansh\Desktop\satellite imagery\project_root\images\lat_47_6726_lon_-122_294_36.png
279000,3,2.5,1920,2.0,0,0,3,7,1920,0,47.4024,-122.171,1960,145.3125,C:\Users\vansh\Desktop\satellite imagery\project_root\images\lat_47_4024_lon_-122_171_37.png
370000,3,1.75,1620,2.0,0,0,4,7,1620,0,47.2875,-122.289,2190,228.3950617,C:\Users\vansh\Desktop\satellite imagery\project_root\images\lat_47_2875_lon_-122_289_38.png
680000,3,2.5,2060,2.0,0,0,3,8,1900,160,47.5881,-122.165,2060,330.0970874,C:\Users\vansh\Desktop\satellite imagery\project_root\images\lat_47_5881_lon_-122_165_39.png
500000,4,2.0,1980,2.0,0,0,4,7,1980,0,47.6728,-122.379,1550,252.5252525,C:\Users\vansh\Desktop\satellite imagery\project_root\images\lat_47_6728_lon_-122_379_40.png
650000,3,1.75,1940,1.0,0,0,3,7,1940,0,47.5833,-122.241,2720,335.0515464,C:\Users\vansh\Desktop\satellite imagery\project_root\images\lat_47_5833_lon_-122_241_41.png
234000,4,1.0,1390,1.0,0,0,3,7,1390,0,47.3885,-122.284,1390,168.3453237,C:\Users\vansh\Desktop\satellite imagery\project_root\images\lat_47_3885_lon_-122_284_42.png
605000,4,2.75,1670,1.0,0,0,5,7,840,830,47.5496,-122.385,1100,362.2754491,C:\Users\vansh\Desktop\satellite imagery\project_root\images\lat_47_5496_lon_-122_385_43.png
470000,3,2.0,1730,1.0,0,0,3,8,1730,0,47.4164,-121.951,2130,271.6763006,C:\Users\vansh\Desktop\satellite imagery\project_root\images\lat_47_4164_lon_-121_951_44.png
663000,3,2.5,2480,1.5,1,3,4,8,2480,0,47.4003,-122.422,2350,267.3387097,C:\Users\vansh\Desktop\satellite imagery\project_root\images\lat_47_4003_lon_-122_422_45.png
416000,2,1.75,1270,1.5,0,0,4,7,1270,0,47.7083,-122.357,1480,327.5590551,C:\Users\vansh\Desktop\satellite imagery\project_root\images\lat_47_7083_lon_-122_357_46.png
336500,3,2.25,1420,2.0,0,0,4,7,1420,0,47.7245,-122.163,1150,236.971831,C:\Users\vansh\Desktop\satellite imagery\project_root\images\lat_47_7245_lon_-122_163_47.png
353000,3,2.5,2550,2.0,0,0,3,7,2550,0,47.3828,-122.211,2080,138.4313725,C:\Users\vansh\Desktop\satellite imagery\project_root\images\lat_47_3828_lon_-122_211_48.png
269000,4,2.5,1594,1.0,0,0,5,7,1088,506,47.3262,-122.211,1536,168.7578419,C:\Users\vansh\Desktop\satellite imagery\project_root\images\lat_47_3262_lon_-122_211_49.png
438400,2,1.0,1340,1.0,0,0,4,7,1340,0,47.7218,-122.37,1700,327.1641791,C:\Users\vansh\Desktop\satellite imagery\project_root\images\lat_47_7218_lon_-122_37_50.png
410000,3,2.0,1750,1.0,0,0,3,7,1750,0,47.7329,-122.343,1370,234.2857143,C:\Users\vansh\Desktop\satellite imagery\project_root\images\lat_47_7329_lon_-122_343_51.png
150000,2,1.0,720,1.0,0,0,3,5,720,0,47.422,-122.066,2010,208.3333333,C:\Users\vansh\Desktop\satellite imagery\project_root\images\lat_47_422_lon_-122_066_52.png
204000,3,1.0,980,1.0,0,0,4,6,980,0,47.42,-122.317,1240,208.1632653,C:\Users\vansh\Desktop\satellite imagery\project_root\images\lat_47_42_lon_-122_317_53.png
401000,3,2.75,2020,1.0,0,0,3,7,1260,760,47.7399,-122.197,2080,198.5148515,C:\Users\vansh\Desktop\satellite imagery\project_root\images\lat_47_7399_lon_-122_197_54.png
480000,4,1.75,2220,2.0,0,3,4,8,2220,0,47.4519,-122.375,2430,216.2162162,C:\Users\vansh\Desktop\satellite imagery\project_root\images\lat_47_4519_lon_-122_375_55.png
641000,5,3.5,3420,2.0,0,2,3,8,2700,720,47.5162,-121.874,2710,187.4269006,C:\Users\vansh\Desktop\satellite imagery\project_root\images\lat_47_5162_lon_-121_874_56.png
330000,4,2.5,2380,2.0,0,0,3,7,2380,0,47.4486,-122.288,1230,138.6554622,C:\Users\vansh\Desktop\satellite imagery\project_root\images\lat_47_4486_lon_-122_288_57.png
339000,4,2.5,1740,1.0,0,0,4,7,1740,0,47.5026,-122.236,1190,194.8275862,C:\Users\vansh\Desktop\satellite imagery\project_root\images\lat_47_5026_lon_-122_236_58.png
350000,6,4.5,3500,2.0,0,0,3,7,3500,0,47.7351,-122.295,1550,100.0,C:\Users\vansh\Desktop\satellite imagery\project_root\images\lat_47_7351_lon_-122_295_59.png
352499,2,2.25,1240,2.0,0,0,3,7,1150,90,47.5321,-122.073,1240,284.2733871,C:\Users\vansh\Desktop\satellite imagery\project_root\images\lat_47_5321_lon_-122_073_60.png
282000,4,2.0,1890,2.0,0,0,3,7,1890,0,47.3846,-122.205,1690,149.2063492,C:\Users\vansh\Desktop\satellite imagery\project_root\images\lat_47_3846_lon_-122_205_61.png
300000,3,1.0,1380,1.0,0,0,3,7,1380,0,47.3997,-122.215,1890,217.3913043,C:\Users\vansh\Desktop\satellite imagery\project_root\images\lat_47_3997_lon_-122_215_62.png
1375000,4,3.5,3500,2.0,0,0,3,10,2460,1040,47.6848,-122.208,3160,392.8571429,C:\Users\vansh\Desktop\satellite imagery\project_root\images\lat_47_6848_lon_-122_208_63.png
1000000,5,1.0,2010,1.5,0,0,3,9,1890,120,47.6501,-122.37,2330,497.5124378,C:\Users\vansh\Desktop\satellite imagery\project_root\images\lat_47_6501_lon_-122_37_64.png
476000,3,1.0,1140,1.5,0,0,4,6,1140,0,47.6606,-122.395,1690,417.5438596,C:\Users\vansh\Desktop\satellite imagery\project_root\images\lat_47_6606_lon_-122_395_65.png
260000,3,1.75,2160,1.0,0,0,4,7,2160,0,47.7355,-121.982,1820,120.3703704,C:\Users\vansh\Desktop\satellite imagery\project_root\images\lat_47_7355_lon_-121_982_66.png
315000,3,2.0,1770,1.0,0,0,3,5,1770,0,47.4753,-122.342,1520,177.9661017,C:\Users\vansh\Desktop\satellite imagery\project_root\images\lat_47_4753_lon_-122_342_67.png
340000,3,1.75,1740,1.0,0,0,4,7,1740,0,47.3583,-121.927,1576,195.4022989,C:\Users\vansh\Desktop\satellite imagery\project_root\images\lat_47_3583_lon_-121_927_68.png
157000,3,1.5,1170,1.0,0,0,3,7,1170,0,47.4211,-122.29,1550,134.1880342,C:\Users\vansh\Desktop\satellite imagery\project_root\images\lat_47_4211_lon_-122_29_69.png
570000,4,3.0,2460,1.0,0,0,5,7,1700,760,47.7106,-122.285,1470,231.7073171,C:\Users\vansh\Desktop\satellite imagery\project_root\images\lat_47_7106_lon_-122_285_70.png
358000,3,1.0,890,1.0,0,0,4,7,890,0,47.5398,-122.178,1270,402.247191,C:\Users\vansh\Desktop\satellite imagery\project_root\images\lat_47_5398_lon_-122_178_71.png
660000,6,1.75,1840,1.0,0,0,3,7,1060,780,47.6041,-122.31,1680,358.6956522,C:\Users\vansh\Desktop\satellite imagery\project_root\images\lat_47_6041_lon_-122_31_72.png
810000,3,1.5,1520,1.0,0,0,4,7,1520,0,47.6158,-122.213,3260,532.8947368,C:\Users\vansh\Desktop\satellite imagery\project_root\images\lat_47_6158_lon_-122_213_73.png
4489000,4,3.0,6430,2.0,0,0,3,12,6430,0,47.6208,-122.219,3720,698.1337481,C:\Users\vansh\Desktop\satellite imagery\project_root\images\lat_47_6208_lon_-122_219_74.png
905000,3,2.5,3450,2.0,0,0,3,10,3450,0,47.739,-122.129,2810,262.3188406,C:\Users\vansh\Desktop\satellite imagery\project_root\images\lat_47_739_lon_-122_129_75.png
679000,3,2.5,1780,2.0,0,0,4,8,1780,0,47.6809,-122.293,1690,381.4606742,C:\Users\vansh\Desktop\satellite imagery\project_root\images\lat_47_6809_lon_-122_293_76.png
1388000,4,2.25,2940,2.0,0,0,4,9,2940,0,47.6214,-122.227,3410,472.1088435,C:\Users\vansh\Desktop\satellite imagery\project_root\images\lat_47_6214_lon_-122_227_77.png
305000,4,2.5,2430,2.0,0,0,3,8,2430,0,47.3348,-122.19,2100,125.5144033,C:\Users\vansh\Desktop\satellite imagery\project_root\images\lat_47_3348_lon_-122_19_78.png
1107460,4,3.5,3660,2.0,0,0,3,9,2840,820,47.6482,-122.409,3210,302.5846995,C:\Users\vansh\Desktop\satellite imagery\project_root\images\lat_47_6482_lon_-122_409_79.png
425000,3,2.5,2650,1.0,0,0,3,8,2650,0,47.4212,-122.144,1940,160.3773585,C:\Users\vansh\Desktop\satellite imagery\project_root\images\lat_47_4212_lon_-122_144_80.png
420000,5,1.5,1890,1.0,0,0,3,7,1890,0,47.7196,-122.197,1670,222.2222222,C:\Users\vansh\Desktop\satellite imagery\project_root\images\lat_47_7196_lon_-122_197_81.png
549500,3,1.75,1620,1.0,0,0,4,8,1620,0,47.703,-122.281,2040,339.1975309,C:\Users\vansh\Desktop\satellite imagery\project_root\images\lat_47_703_lon_-122_281_82.png
630000,4,2.5,2510,1.0,0,0,4,8,1610,900,47.5834,-122.003,2080,250.9960159,C:\Users\vansh\Desktop\satellite imagery\project_root\images\lat_47_5834_lon_-122_003_83.png
635000,3,3.0,2230,2.5,0,0,3,8,1850,380,47.5446,-122.017,2290,284.7533632,C:\Users\vansh\Desktop\satellite imagery\project_root\images\lat_47_5446_lon_-122_017_84.png
429000,3,2.5,1860,2.0,0,0,3,8,1860,0,47.5062,-122.151,2420,230.6451613,C:\Users\vansh\Desktop\satellite imagery\project_root\images\lat_47_5062_lon_-122_151_85.png
335000,3,1.5,1900,1.0,0,0,5,7,1900,0,47.5091,-122.19,1410,176.3157895,C:\Users\vansh\Desktop\satellite imagery\project_root\images\lat_47_5091_lon_-122_19_86.png
238000,3,1.5,1370,1.0,0,0,4,6,1370,0,47.4499,-122.189,2350,173.7226277,C:\Users\vansh\Desktop\satellite imagery\project_root\images\lat_47_4499_lon_-122_189_87.png
316475,4,2.5,1740,2.0,0,0,3,7,1740,0,47.3686,-122.117,1950,181.8821839,C:\Users\vansh\Desktop\satellite imagery\project_root\images\lat_47_3686_lon_-122_117_88.png
285000,3,1.0,1120,1.0,0,0,3,7,1120,0,47.5544,-122.358,1130,254.4642857,C:\Users\vansh\Desktop\satellite imagery\project_root\images\lat_47_5544_lon_-122_358_89.png
856600,4,2.25,2400,1.0,0,0,4,9,2400,0,47.5987,-122.178,2580,356.9166667,C:\Users\vansh\Desktop\satellite imagery\project_root\images\lat_47_5987_lon_-122_178_90.png
699000,5,2.5,3340,2.0,0,0,3,10,3340,0,47.4565,-122.066,3420,209.2814371,C:\Users\vansh\Desktop\satellite imagery\project_root\images\lat_47_4565_lon_-122_066_91.png
389950,3,2.25,1580,3.0,0,0,3,8,1580,0,47.5578,-122.363,1250,246.8037975,C:\Users\vansh\Desktop\satellite imagery\project_root\images\lat_47_5578_lon_-122_363_92.png
960000,5,3.5,4510,2.0,0,0,3,10,2820,1690,47.6346,-122.011,4330,212.8603104,C:\Users\vansh\Desktop\satellite imagery\project_root\images\lat_47_6346_lon_-122_011_93.png
300000,3,1.75,1210,1.0,0,0,3,7,1210,0,47.4572,-122.169,1670,247.9338843,C:\Users\vansh\Desktop\satellite imagery\project_root\images\lat_47_4572_lon_-122_169_94.png
530100,3,1.0,1540,1.5,0,0,3,7,1200,340,47.6853,-122.359,1500,344.2207792,C:\Users\vansh\Desktop\satellite imagery\project_root\images\lat_47_6853_lon_-122_359_95.png
599000,4,1.0,1590,1.5,0,0,3,7,1590,0,47.667,-122.335,2230,376.7295597,C:\Users\vansh\Desktop\satellite imagery\project_root\images\lat_47_667_lon_-122_335_96.png
515000,2,1.75,1930,1.0,0,0,3,8,1930,0,47.7173,-122.034,1810,266.8393782,C:\Users\vansh\Desktop\satellite imagery\project_root\images\lat_47_7173_lon_-122_034_97.png
237000,3,1.0,1300,1.0,0,0,4,7,1300,0,47.511,-122.172,1290,182.3076923,C:\Users\vansh\Desktop\satellite imagery\project_root\images\lat_47_511_lon_-122_172_98.png
1740000,5,3.25,3930,2.0,0,0,3,9,2910,1020,47.6802,-122.208,2040,442.7480916,C:\Users\vansh\Desktop\satellite imagery\project_root\images\lat_47_6802_lon_-122_208_99.png
2544750,5,4.75,5410,2.0,0,0,4,10,5050,360,47.6306,-122.288,3750,470.3789279,C:\Users\vansh\Desktop\satellite imagery\project_root\images\lat_47_6306_lon_-122_288_100.png
239000,3,1.0,940,1.0,0,0,3,6,940,0,47.5006,-122.336,1100,254.2553191,C:\Users\vansh\Desktop\satellite imagery\project_root\images\lat_47_5006_lon_-122_336_101.png
572500,3,1.0,1590,1.5,0,0,4,7,1290,300,47.6807,-122.399,1770,360.0628931,C:\Users\vansh\Desktop\satellite imagery\project_root\images\lat_47_6807_lon_-122_399_102.png
780000,4,3.0,2440,1.5,0,0,5,8,1480,960,47.6853,-122.331,1770,319.6721311,C:\Users\vansh\Desktop\satellite imagery\project_root\images\lat_47_6853_lon_-122_331_103.png
575000,3,2.5,1870,2.0,0,0,3,8,1870,0,47.5493,-122.004,1940,307.486631,C:\Users\vansh\Desktop\satellite imagery\project_root\images\lat_47_5493_lon_-122_004_104.png
765000,3,2.25,3190,2.0,0,2,3,9,3190,0,47.5477,-121.93,3190,239.8119122,C:\Users\vansh\Desktop\satellite imagery\project_root\images\lat_47_5477_lon_-121_93_105.png
500000,3,1.75,2420,2.0,0,1,3,8,2420,0,47.6525,-122.087,2970,206.6115702,C:\Users\vansh\Desktop\satellite imagery\project_root\images\lat_47_6525_lon_-122_087_106.png
471500,3,2.5,2430,2.0,0,0,3,7,2430,0,47.5158,-121.871,2380,194.0329218,C:\Users\vansh\Desktop\satellite imagery\project_root\images\lat_47_5158_lon_-121_871_107.png
415000,2,2.5,1160,3.0,0,0,3,8,1160,0,47.6543,-122.358,1320,357.7586207,C:\Users\vansh\Desktop\satellite imagery\project_root\images\lat_47_6543_lon_-122_358_108.png
229500,1,1.0,1180,1.0,0,2,3,6,1180,0,47.4007,-122.323,1890,194.4915254,C:\Users\vansh\Desktop\satellite imagery\project_root\images\lat_47_4007_lon_-122_323_109.png
510000,3,1.75,1610,1.0,0,2,3,7,1210,400,47.6705,-122.138,1610,316.7701863,C:\Users\vansh\Desktop\satellite imagery\project_root\images\lat_47_6705_lon_-122_138_110.png
485000,3,2.5,1650,2.0,0,0,3,8,1650,0,47.5998,-122.016,1650,293.9393939,C:\Users\vansh\Desktop\satellite imagery\project_root\images\lat_47_5998_lon_-122_016_111.png
480000,3,2.25,1820,1.0,0,0,3,7,1480,340,47.7401,-122.249,1930,263.7362637,C:\Users\vansh\Desktop\satellite imagery\project_root\images\lat_47_7401_lon_-122_249_112.png
442500,4,2.25,1840,1.0,0,0,4,7,1390,450,47.7328,-122.198,1820,240.4891304,C:\Users\vansh\Desktop\satellite imagery\project_root\images\lat_47_7328_lon_-122_198_113.png
358500,2,1.75,1400,2.0,0,0,3,8,1110,290,47.5478,-121.999,1380,256.0714286,C:\Users\vansh\Desktop\satellite imagery\project_root\images\lat_47_5478_lon_-121_999_114.png
257000,3,1.75,1330,1.0,0,0,4,7,1330,0,47.3126,-122.129,1650,193.2330827,C:\Users\vansh\Desktop\satellite imagery\project_root\images\lat_47_3126_lon_-122_129_115.png
499000,4,2.25,2440,2.0,0,0,3,7,2440,0,47.5407,-121.89,2440,204.5081967,C:\Users\vansh\Desktop\satellite imagery\project_root\images\lat_47_5407_lon_-121_89_116.png
205000,3,1.0,1610,1.0,0,0,4,7,1010,600,47.4563,-122.171,1610,127.3291925,C:\Users\vansh\Desktop\satellite imagery\project_root\images\lat_47_4563_lon_-122_171_117.png
415000,3,2.25,1970,2.0,0,0,3,8,1680,290,47.5631,-122.297,1690,210.6598985,C:\Users\vansh\Desktop\satellite imagery\project_root\images\lat_47_5631_lon_-122_297_118.png
304000,3,2.5,1670,2.0,0,0,3,8,1670,0,47.3925,-122.165,1920,182.0359281,C:\Users\vansh\Desktop\satellite imagery\project_root\images\lat_47_3925_lon_-122_165_119.png
374500,3,1.5,1330,1.0,0,0,4,7,1330,0,47.7289,-122.203,1370,281.5789474,C:\Users\vansh\Desktop\satellite imagery\project_root\images\lat_47_7289_lon_-122_203_120.png
381156,2,1.0,1320,1.0,0,0,4,7,1320,0,47.5517,-122.276,1270,288.7545455,C:\Users\vansh\Desktop\satellite imagery\project_root\images\lat_47_5517_lon_-122_276_121.png
700000,3,1.5,1580,1.0,0,0,3,8,1290,290,47.687,-122.386,1570,443.0379747,C:\Users\vansh\Desktop\satellite imagery\project_root\images\lat_47_687_lon_-122_386_122.png
266500,4,1.75,1880,1.0,0,0,4,7,1180,700,47.3068,-122.372,1840,141.7553191,C:\Users\vansh\Desktop\satellite imagery\project_root\images\lat_47_3068_lon_-122_372_123.png
739000,3,2.5,2810,2.0,0,0,3,9,2810,0,47.7065,-122.118,2870,262.9893238,C:\Users\vansh\Desktop\satellite imagery\project_root\images\lat_47_7065_lon_-122_118_124.png
257000,3,2.25,1810,2.0,0,0,3,7,1810,0,47.3476,-122.3,1720,141.9889503,C:\Users\vansh\Desktop\satellite imagery\project_root\images\lat_47_3476_lon_-122_3_125.png
450000,3,1.75,3150,1.0,0,1,3,8,2370,780,47.5571,-122.08,2740,142.8571429,C:\Users\vansh\Desktop\satellite imagery\project_root\images\lat_47_5571_lon_-122_08_126.png
427000,3,1.75,2000,1.0,0,0,4,7,1360,640,47.7676,-122.373,1830,213.5,C:\Users\vansh\Desktop\satellite imagery\project_root\images\lat_47_7676_lon_-122_373_127.png
235000,4,1.0,1500,1.5,0,0,3,6,1500,0,47.4979,-122.24,1190,156.6666667,C:\Users\vansh\Desktop\satellite imagery\project_root\images\lat_47_4979_lon_-122_24_128.png
245000,3,2.5,1730,2.0,0,0,3,7,1730,0,47.3507,-122.178,1630,141.6184971,C:\Users\vansh\Desktop\satellite imagery\project_root\images\lat_47_3507_lon_-122_178_129.png
1506000,4,3.25,3660,2.5,0,0,3,10,3360,300,47.6283,-122.312,3240,411.4754098,C:\Users\vansh\Desktop\satellite imagery\project_root\images\lat_47_6283_lon_-122_312_130.png
360000,3,1.75,1510,1.0,0,0,3,7,1060,450,47.5535,-122.39,1610,238.410596,C:\Users\vansh\Desktop\satellite imagery\project_root\images\lat_47_5535_lon_-122_39_131.png
110000,2,1.0,830,1.0,0,0,2,6,830,0,47.4784,-122.335,980,132.5301205,C:\Users\vansh\Desktop\satellite imagery\project_root\images\lat_47_4784_lon_-122_335_132.png
319950,4,2.5,2038,2.0,0,0,3,8,2038,0,47.3296,-122.18,2634,156.9921492,C:\Users\vansh\Desktop\satellite imagery\project_root\images\lat_47_3296_lon_-122_18_133.png
1425000,2,2.5,2220,2.0,0,0,3,9,2220,0,47.6364,-122.28,1870,641.8918919,C:\Users\vansh\Desktop\satellite imagery\project_root\images\lat_47_6364_lon_-122_28_134.png
637800,4,1.75,2250,1.5,0,0,4,7,1420,830,47.6738,-122.292,1930,283.4666667,C:\Users\vansh\Desktop\satellite imagery\project_root\images\lat_47_6738_lon_-122_292_135.png
870000,4,2.5,3190,2.0,0,0,3,11,3190,0,47.713,-122.072,3420,272.7272727,C:\Users\vansh\Desktop\satellite imagery\project_root\images\lat_47_713_lon_-122_072_136.png
632000,5,2.5,2260,1.0,0,0,3,8,1520,740,47.5982,-122.128,2500,279.6460177,C:\Users\vansh\Desktop\satellite imagery\project_root\images\lat_47_5982_lon_-122_128_137.png
248500,3,2.5,1360,2.0,0,0,3,8,1360,0,47.3304,-122.302,1540,182.7205882,C:\Users\vansh\Desktop\satellite imagery\project_root\images\lat_47_3304_lon_-122_302_138.png
340000,3,2.25,2630,2.0,0,0,4,9,2630,0,47.3314,-122.202,2470,129.2775665,C:\Users\vansh\Desktop\satellite imagery\project_root\images\lat_47_3314_lon_-122_202_139.png
329950,2,2.25,1260,2.0,0,0,3,7,1170,90,47.5323,-122.072,1240,261.8650794,C:\Users\vansh\Desktop\satellite imagery\project_root\images\lat_47_5323_lon_-122_072_140.png
655000,3,2.5,2370,2.0,0,0,3,9,2370,0,47.528,-122.171,2500,276.371308,C:\Users\vansh\Desktop\satellite imagery\project_root\images\lat_47_528_lon_-122_171_141.png
225000,3,2.0,1100,1.0,0,0,3,6,1100,0,47.3606,-122.083,1050,204.5454545,C:\Users\vansh\Desktop\satellite imagery\project_root\images\lat_47_3606_lon_-122_083_142.png
635000,5,3.5,4150,2.0,0,0,3,11,4150,0,47.3417,-122.182,3840,153.0120482,C:\Users\vansh\Desktop\satellite imagery\project_root\images\lat_47_3417_lon_-122_182_143.png
449950,3,2.0,1560,2.0,0,0,3,7,1560,0,47.6892,-122.319,1900,288.4294872,C:\Users\vansh\Desktop\satellite imagery\project_root\images\lat_47_6892_lon_-122_319_144.png
283000,3,1.0,1740,1.0,0,0,3,7,1270,470,47.5049,-122.329,1070,162.6436782,C:\Users\vansh\Desktop\satellite imagery\project_root\images\lat_47_5049_lon_-122_329_145.png
542500,5,3.25,3010,1.5,0,0,5,8,2010,1000,47.4564,-122.004,2450,180.2325581,C:\Users\vansh\Desktop\satellite imagery\project_root\images\lat_47_4564_lon_-122_004_146.png
194900,2,1.0,810,1.0,0,0,4,6,810,0,47.3057,-122.216,1140,240.617284,C:\Users\vansh\Desktop\satellite imagery\project_root\images\lat_47_3057_lon_-122_216_147.png
950000,4,2.5,3670,2.5,0,0,3,10,3670,0,47.5401,-121.993,3130,258.8555858,C:\Users\vansh\Desktop\satellite imagery\project_root\images\lat_47_5401_lon_-121_993_148.png
440000,3,1.75,1950,1.0,0,0,3,7,1150,800,47.7685,-122.162,2560,225.6410256,C:\Users\vansh\Desktop\satellite imagery\project_root\images\lat_47_7685_lon_-122_162_149.png
350000,3,1.75,1380,1.0,0,0,2,7,930,450,47.6841,-122.293,1320,253.6231884,C:\Users\vansh\Desktop\satellite imagery\project_root\images\lat_47_6841_lon_-122_293_150.png
250000,3,1.0,1660,1.5,0,0,3,7,1350,310,47.5576,-122.277,1750,150.6024096,C:\Users\vansh\Desktop\satellite imagery\project_root\images\lat_47_5576_lon_-122_277_151.png
790000,4,2.5,2560,1.0,0,0,4,7,1760,800,47.6947,-122.303,1760,308.59375,C:\Users\vansh\Desktop\satellite imagery\project_root\images\lat_47_6947_lon_-122_303_152.png
1112750,5,3.5,3090,2.0,0,0,3,9,2060,1030,47.6217,-122.309,2240,360.1132686,C:\Users\vansh\Desktop\satellite imagery\project_root\images\lat_47_6217_lon_-122_309_153.png
640000,3,2.5,2580,2.0,0,0,3,9,2580,0,47.5577,-122.396,910,248.0620155,C:\Users\vansh\Desktop\satellite imagery\project_root\images\lat_47_5577_lon_-122_396_154.png
896000,4,2.5,3560,2.0,0,0,3,11,3560,0,47.7268,-122.05,3520,251.6853933,C:\Users\vansh\Desktop\satellite imagery\project_root\images\lat_47_7268_lon_-122_05_155.png
719000,3,2.5,1690,1.5,0,1,4,8,1690,0,47.5841,-122.383,2140,425.443787,C:\Users\vansh\Desktop\satellite imagery\project_root\images\lat_47_5841_lon_-122_383_156.png
550000,3,3.75,1580,2.0,0,0,3,8,1340,240,47.5875,-122.315,1560,348.1012658,C:\Users\vansh\Desktop\satellite imagery\project_root\images\lat_47_5875_lon_-122_315_157.png
700000,3,2.5,2190,2.0,0,0,3,8,2190,0,47.6869,-122.187,2090,319.6347032,C:\Users\vansh\Desktop\satellite imagery\project_root\images\lat_47_6869_lon_-122_187_158.png
1010000,4,3.5,3130,3.0,0,0,3,10,3130,0,47.5656,-122.403,1950,322.6837061,C:\Users\vansh\Desktop\satellite imagery\project_root\images\lat_47_5656_lon_-122_403_159.png
695000,3,3.25,3080,2.0,0,0,3,8,2080,1000,47.695,-122.399,2100,225.6493506,C:\Users\vansh\Desktop\satellite imagery\project_root\images\lat_47_695_lon_-122_399_160.png
810000,3,1.75,1980,1.0,0,2,4,9,1320,660,47.5867,-122.111,2450,409.0909091,C:\Users\vansh\Desktop\satellite imagery\project_root\images\lat_47_5867_lon_-122_111_161.png
535000,5,2.25,2520,2.0,0,0,4,8,2520,0,47.4918,-122.064,2780,212.3015873,C:\Users\vansh\Desktop\satellite imagery\project_root\images\lat_47_4918_lon_-122_064_162.png
235000,3,1.75,1840,1.0,0,0,4,7,1500,340,47.3764,-122.179,1430,127.7173913,C:\Users\vansh\Desktop\satellite imagery\project_root\images\lat_47_3764_lon_-122_179_163.png
460500,3,1.0,1490,1.0,0,0,3,7,1150,340,47.663,-122.178,1730,309.0604027,C:\Users\vansh\Desktop\satellite imagery\project_root\images\lat_47_663_lon_-122_178_164.png
345000,2,1.0,970,1.0,0,0,3,7,970,0,47.7252,-122.331,1200,355.6701031,C:\Users\vansh\Desktop\satellite imagery\project_root\images\lat_47_7252_lon_-122_331_165.png
170000,2,1.0,1500,1.0,0,0,3,8,1500,0,47.4727,-122.281,1700,113.3333333,C:\Users\vansh\Desktop\satellite imagery\project_root\images\lat_47_4727_lon_-122_281_166.png
472000,5,2.5,2570,2.0,0,0,3,8,2570,0,47.7265,-121.957,2890,183.6575875,C:\Users\vansh\Desktop\satellite imagery\project_root\images\lat_47_7265_lon_-121_957_167.png
710000,3,2.75,2210,1.0,0,1,4,7,1460,750,47.5619,-122.4,2110,321.2669683,C:\Users\vansh\Desktop\satellite imagery\project_root\images\lat_47_5619_lon_-122_4_168.png
264000,4,1.75,1820,1.0,0,0,4,7,1080,740,47.4104,-122.172,1810,145.0549451,C:\Users\vansh\Desktop\satellite imagery\project_root\images\lat_47_4104_lon_-122_172_169.png
700000,4,3.5,3150,2.0,0,0,3,9,3150,0,47.5966,-122.017,3150,222.2222222,C:\Users\vansh\Desktop\satellite imagery\project_root\images\lat_47_5966_lon_-122_017_170.png
759600,4,1.0,1540,1.5,0,0,4,7,1540,0,47.4163,-122.22,2027,493.2467532,C:\Users\vansh\Desktop\satellite imagery\project_root\images\lat_47_4163_lon_-122_22_171.png
695000,2,1.75,1570,3.0,0,0,3,9,1570,0,47.6215,-122.201,1570,442.6751592,C:\Users\vansh\Desktop\satellite imagery\project_root\images\lat_47_6215_lon_-122_201_172.png
406430,3,2.0,1380,1.0,0,0,4,7,1380,0,47.5951,-122.036,1380,294.5144928,C:\Users\vansh\Desktop\satellite imagery\project_root\images\lat_47_5951_lon_-122_036_173.png
231000,3,2.5,1370,2.0,0,0,3,7,1370,0,47.3767,-122.303,1720,168.6131387,C:\Users\vansh\Desktop\satellite imagery\project_root\images\lat_47_3767_lon_-122_303_174.png
190000,3,1.75,1390,1.0,0,0,5,7,1390,0,47.4559,-122.183,1260,136.6906475,C:\Users\vansh\Desktop\satellite imagery\project_root\images\lat_47_4559_lon_-122_183_175.png
488000,3,2.5,3160,2.0,0,0,3,8,3160,0,47.7443,-121.977,3050,154.4303797,C:\Users\vansh\Desktop\satellite imagery\project_root\images\lat_47_7443_lon_-121_977_176.png
675000,4,2.5,2390,2.0,0,0,3,9,2390,0,47.6194,-122.026,2600,282.4267782,C:\Users\vansh\Desktop\satellite imagery\project_root\images\lat_47_6194_lon_-122_026_177.png
628000,3,1.75,4000,1.0,0,0,3,9,2190,1810,47.7738,-122.203,2530,157.0,C:\Users\vansh\Desktop\satellite imagery\project_root\images\lat_47_7738_lon_-122_203_178.png
810000,4,3.5,2700,2.0,0,0,3,11,1920,780,47.5685,-122.286,1430,300.0,C:\Users\vansh\Desktop\satellite imagery\project_root\images\lat_47_5685_lon_-122_286_179.png
535000,4,1.75,1420,1.5,0,0,4,7,1420,0,47.6771,-122.397,1490,376.7605634,C:\Users\vansh\Desktop\satellite imagery\project_root\images\lat_47_6771_lon_-122_397_180.png
725000,6,3.0,3110,1.5,0,0,5,7,1810,1300,47.6631,-122.348,1600,233.1189711,C:\Users\vansh\Desktop\satellite imagery\project_root\images\lat_47_6631_lon_-122_348_181.png
390000,4,2.5,2154,2.0,0,0,3,9,2154,0,47.4557,-122.13,2154,181.0584958,C:\Users\vansh\Desktop\satellite imagery\project_root\images\lat_47_4557_lon_-122_13_182.png
185000,3,1.0,1320,1.0,0,0,4,6,1320,0,47.2857,-122.22,1070,140.1515152,C:\Users\vansh\Desktop\satellite imagery\project_root\images\lat_47_2857_lon_-122_22_183.png
306000,3,1.5,1250,1.0,0,0,4,7,1250,0,47.4744,-122.328,1300,244.8,C:\Users\vansh\Desktop\satellite imagery\project_root\images\lat_47_4744_lon_-122_328_184.png
688888,3,3.25,2580,1.5,0,1,4,9,1760,820,47.5314,-122.054,2140,267.0108527,C:\Users\vansh\Desktop\satellite imagery\project_root\images\lat_47_5314_lon_-122_054_185.png
990000,3,1.75,1810,1.0,0,4,4,9,930,880,47.5314,-122.222,3540,546.961326,C:\Users\vansh\Desktop\satellite imagery\project_root\images\lat_47_5314_lon_-122_222_186.png
515000,2,1.0,1150,1.0,0,0,3,7,870,280,47.6894,-122.284,1380,447.826087,C:\Users\vansh\Desktop\satellite imagery\project_root\images\lat_47_6894_lon_-122_284_187.png
955500,4,1.75,2130,1.5,0,0,3,8,2130,0,47.6427,-122.363,1900,448.5915493,C:\Users\vansh\Desktop\satellite imagery\project_root\images\lat_47_6427_lon_-122_363_188.png
485000,3,2.5,2870,2.0,0,0,3,9,2870,0,47.4471,-122.207,3040,168.989547,C:\Users\vansh\Desktop\satellite imagery\project_root\images\lat_47_4471_lon_-122_207_189.png
640000,3,1.75,2340,1.0,0,0,5,7,1170,1170,47.5759,-122.288,1360,273.5042735,C:\Users\vansh\Desktop\satellite imagery\project_root\images\lat_47_5759_lon_-122_288_190.png
549995,4,3.5,2970,2.0,0,0,3,8,2260,710,47.4776,-122.122,2970,185.1835017,C:\Users\vansh\Desktop\satellite imagery\project_root\images\lat_47_4776_lon_-122_122_191.png
643000,4,2.5,2518,2.0,0,0,3,8,2518,0,47.5894,-122.017,2280,255.3613979,C:\Users\vansh\Desktop\satellite imagery\project_root\images\lat_47_5894_lon_-122_017_192.png
641000,4,2.5,2770,2.0,0,0,3,9,2770,0,47.6622,-121.961,2770,231.4079422,C:\Users\vansh\Desktop\satellite imagery\project_root\images\lat_47_6622_lon_-121_961_193.png
1389000,4,3.5,3130,2.0,0,0,3,9,2550,580,47.6849,-122.327,1830,443.7699681,C:\Users\vansh\Desktop\satellite imagery\project_root\images\lat_47_6849_lon_-122_327_194.png
645000,3,2.5,2170,2.5,0,0,3,8,2170,0,47.5401,-122.027,2150,297.235023,C:\Users\vansh\Desktop\satellite imagery\project_root\images\lat_47_5401_lon_-122_027_195.png
529950,3,2.25,1240,3.0,0,0,3,8,1240,0,47.6748,-122.377,1470,427.3790323,C:\Users\vansh\Desktop\satellite imagery\project_root\images\lat_47_6748_lon_-122_377_196.png
1250000,3,3.0,3760,2.5,0,3,4,10,3060,700,47.5815,-122.398,2610,332.4468085,C:\Users\vansh\Desktop\satellite imagery\project_root\images\lat_47_5815_lon_-122_398_197.png
225000,2,2.5,1360,2.0,0,0,3,6,1360,0,47.3492,-122.025,1360,165.4411765,C:\Users\vansh\Desktop\satellite imagery\project_root\images\lat_47_3492_lon_-122_025_198.png
494000,2,1.0,1290,1.0,0,0,4,7,1290,0,47.6877,-122.325,1640,382.9457364,C:\Users\vansh\Desktop\satellite imagery\project_root\images\lat_47_6877_lon_-122_325_199.png
450000,5,2.0,1870,1.5,0,0,3,7,1870,0,47.5951,-122.144,1870,240.6417112,C:\Users\vansh\Desktop\satellite imagery\project_root\images\lat_47_5951_lon_-122_144_200.png
270000,3,2.0,1690,1.0,0,0,4,7,1690,0,47.4825,-122.164,1690,159.7633136,C:\Users\vansh\Desktop\satellite imagery\project_root\images\lat_47_4825_lon_-122_164_201.png
1901000,3,2.5,2660,2.0,0,2,3,10,2660,0,47.6501,-122.217,2660,714.6616541,C:\Users\vansh\Desktop\satellite imagery\project_root\images\lat_47_6501_lon_-122_217_202.png
1185000,4,3.25,3960,2.0,0,0,3,11,3960,0,47.5211,-122.151,3870,299.2424242,C:\Users\vansh\Desktop\satellite imagery\project_root\images\lat_47_5211_lon_-122_151_203.png
625000,3,1.0,1020,1.0,0,0,3,6,1020,0,47.6795,-122.202,1870,612.745098,C:\Users\vansh\Desktop\satellite imagery\project_root\images\lat_47_6795_lon_-122_202_204.png
349000,4,2.5,2280,2.0,0,0,3,7,2280,0,47.4834,-122.182,2280,153.0701754,C:\Users\vansh\Desktop\satellite imagery\project_root\images\lat_47_4834_lon_-122_182_205.png
460000,5,2.0,1910,1.0,0,0,4,7,1010,900,47.601,-122.134,1700,240.8376963,C:\Users\vansh\Desktop\satellite imagery\project_root\images\lat_47_601_lon_-122_134_206.png
185000,2,1.0,820,1.0,0,0,4,5,820,0,47.2039,-122.003,1880,225.6097561,C:\Users\vansh\Desktop\satellite imagery\project_root\images\lat_47_2039_lon_-122_003_207.png
350000,2,1.0,740,1.0,0,0,4,6,740,0,47.5245,-122.371,1080,472.972973,C:\Users\vansh\Desktop\satellite imagery\project_root\images\lat_47_5245_lon_-122_371_208.png
325000,4,2.5,2160,2.0,0,0,3,8,2160,0,47.4111,-122.2,2020,150.462963,
200000,3,2.0,1430,1.0,0,0,4,7,1430,0,47.2757,-122.145,1870,139.8601399,C:\Users\vansh\Desktop\satellite imagery\project_root\images\lat_47_2757_lon_-122_145_210.png
202000,1,1.0,590,1.0,0,0,4,7,590,0,47.6082,-122.299,780,342.3728814,C:\Users\vansh\Desktop\satellite imagery\project_root\images\lat_47_6082_lon_-122_299_211.png
310000,3,1.75,1420,1.0,0,0,4,7,1100,320,47.4892,-122.182,1810,218.3098592,C:\Users\vansh\Desktop\satellite imagery\project_root\images\lat_47_4892_lon_-122_182_212.png
1565000,4,2.75,2970,1.5,0,1,4,7,2130,840,47.6135,-122.213,1980,526.9360269,C:\Users\vansh\Desktop\satellite imagery\project_root\images\lat_47_6135_lon_-122_213_213.png
975000,4,2.25,2290,2.0,0,0,4,9,2120,170,47.6428,-122.411,2910,425.7641921,C:\Users\vansh\Desktop\satellite imagery\project_root\images\lat_47_6428_lon_-122_411_214.png
650000,4,2.5,3040,2.0,0,0,3,7,3040,0,47.683,-122.039,2740,213.8157895,C:\Users\vansh\Desktop\satellite imagery\project_root\images\lat_47_683_lon_-122_039_215.png
400000,3,1.0,1300,1.0,0,0,4,7,1300,0,47.593,-122.165,2440,307.6923077,C:\Users\vansh\Desktop\satellite imagery\project_root\images\lat_47_593_lon_-122_165_216.png
360000,3,1.5,1170,1.0,0,0,5,6,1170,0,47.5338,-122.381,920,307.6923077,C:\Users\vansh\Desktop\satellite imagery\project_root\images\lat_47_5338_lon_-122_381_217.png
698000,6,2.5,2680,1.0,0,0,5,7,1340,1340,47.6553,-122.19,2200,260.4477612,C:\Users\vansh\Desktop\satellite imagery\project_root\images\lat_47_6553_lon_-122_19_218.png
243000,2,1.0,1770,1.5,0,0,4,7,960,810,47.4974,-122.231,1830,137.2881356,C:\Users\vansh\Desktop\satellite imagery\project_root\images\lat_47_4974_lon_-122_231_219.png
460000,4,3.0,2230,1.0,0,0,3,7,1410,820,47.52,-121.845,1960,206.2780269,C:\Users\vansh\Desktop\satellite imagery\project_root\images\lat_47_52_lon_-121_845_220.png
675000,3,2.5,2550,1.5,0,0,4,7,1850,700,47.5758,-122.287,1700,264.7058824,C:\Users\vansh\Desktop\satellite imagery\project_root\images\lat_47_5758_lon_-122_287_221.png
311000,3,1.75,1900,1.5,0,0,5,7,1070,830,47.5255,-122.265,1130,163.6842105,C:\Users\vansh\Desktop\satellite imagery\project_root\images\lat_47_5255_lon_-122_265_222.png
250500,3,2.0,1710,2.0,0,0,4,7,1710,0,47.2917,-122.373,1710,146.4912281,C:\Users\vansh\Desktop\satellite imagery\project_root\images\lat_47_2917_lon_-122_373_223.png
300523,3,2.5,2370,2.0,0,0,3,9,2370,0,47.6503,-122.366,1590,126.8029536,C:\Users\vansh\Desktop\satellite imagery\project_root\images\lat_47_6503_lon_-122_366_224.png
785000,3,2.5,2930,2.0,0,2,3,9,2930,0,47.5151,-122.12,3720,267.9180887,C:\Users\vansh\Desktop\satellite imagery\project_root\images\lat_47_5151_lon_-122_12_225.png
885000,4,2.5,4090,2.0,0,0,3,10,4090,0,47.581,-121.971,3510,216.3814181,C:\Users\vansh\Desktop\satellite imagery\project_root\images\lat_47_581_lon_-121_971_226.png
468000,3,1.5,1370,1.0,0,0,3,7,1370,0,47.7153,-122.361,1370,341.6058394,C:\Users\vansh\Desktop\satellite imagery\project_root\images\lat_47_7153_lon_-122_361_227.png
568000,3,1.75,1930,1.0,0,2,3,7,1300,630,47.6751,-121.993,2860,294.3005181,C:\Users\vansh\Desktop\satellite imagery\project_root\images\lat_47_6751_lon_-121_993_228.png
850000,3,2.5,2340,2.0,0,2,4,9,2340,0,47.6512,-122.203,2415,363.2478632,C:\Users\vansh\Desktop\satellite imagery\project_root\images\lat_47_6512_lon_-122_203_229.png
855000,4,3.5,4030,2.0,0,0,3,10,4030,0,47.4619,-121.744,1830,212.1588089,C:\Users\vansh\Desktop\satellite imagery\project_root\images\lat_47_4619_lon_-121_744_230.png
290000,4,2.75,2240,2.0,0,0,5,7,1380,860,47.7427,-122.34,1550,129.4642857,C:\Users\vansh\Desktop\satellite imagery\project_root\images\lat_47_7427_lon_-122_34_231.png
475000,3,2.5,1920,2.0,0,0,3,8,1920,0,47.7144,-122.204,1380,247.3958333,C:\Users\vansh\Desktop\satellite imagery\project_root\images\lat_47_7144_lon_-122_204_232.png
457500,3,1.0,960,1.5,0,0,4,6,960,0,47.5553,-122.286,1380,476.5625,C:\Users\vansh\Desktop\satellite imagery\project_root\images\lat_47_5553_lon_-122_286_233.png
461100,2,2.25,1210,2.0,0,0,3,8,1120,90,47.6783,-122.376,1360,381.0743802,C:\Users\vansh\Desktop\satellite imagery\project_root\images\lat_47_6783_lon_-122_376_234.png
566000,4,1.75,2440,1.0,0,0,3,8,1340,1100,47.6823,-122.371,2170,231.9672131,C:\Users\vansh\Desktop\satellite imagery\project_root\images\lat_47_6823_lon_-122_371_235.png
390000,3,1.75,2160,2.0,0,0,3,8,2160,0,47.35,-122.162,2004,180.5555556,C:\Users\vansh\Desktop\satellite imagery\project_root\images\lat_47_35_lon_-122_162_236.png
910000,4,2.5,3350,2.0,0,0,3,11,3350,0,47.7197,-122.131,3920,271.641791,C:\Users\vansh\Desktop\satellite imagery\project_root\images\lat_47_7197_lon_-122_131_237.png
580000,6,2.5,3596,1.0,0,0,5,8,1798,1798,47.4388,-122.339,1894,161.2903226,C:\Users\vansh\Desktop\satellite imagery\project_root\images\lat_47_4388_lon_-122_339_238.png
523000,3,1.5,1260,1.5,0,0,3,8,1260,0,47.5755,-122.388,1700,415.0793651,C:\Users\vansh\Desktop\satellite imagery\project_root\images\lat_47_5755_lon_-122_388_239.png
579000,3,2.5,2300,1.0,0,0,3,8,1800,500,47.7767,-122.369,2460,251.7391304,C:\Users\vansh\Desktop\satellite imagery\project_root\images\lat_47_7767_lon_-122_369_240.png
260000,3,2.5,1500,2.0,0,0,3,8,1500,0,47.2625,-122.221,1720,173.3333333,C:\Users\vansh\Desktop\satellite imagery\project_root\images\lat_47_2625_lon_-122_221_241.png
220000,3,1.75,1650,1.0,0,0,3,7,1650,0,47.4331,-122.291,1400,133.3333333,C:\Users\vansh\Desktop\satellite imagery\project_root\images\lat_47_4331_lon_-122_291_242.png
262000,3,1.75,1320,1.0,0,0,4,7,1320,0,47.2871,-122.354,1620,198.4848485,C:\Users\vansh\Desktop\satellite imagery\project_root\images\lat_47_2871_lon_-122_354_243.png
665000,4,2.5,2600,2.0,0,0,3,9,2600,0,47.5283,-122.146,2950,255.7692308,C:\Users\vansh\Desktop\satellite imagery\project_root\images\lat_47_5283_lon_-122_146_244.png
470000,3,2.25,1780,1.0,0,0,3,7,1230,550,47.701,-122.172,1780,264.0449438,C:\Users\vansh\Desktop\satellite imagery\project_root\images\lat_47_701_lon_-122_172_245.png
705000,4,2.5,2650,1.5,0,0,3,8,1520,1130,47.5866,-122.389,1690,266.0377358,C:\Users\vansh\Desktop\satellite imagery\project_root\images\lat_47_5866_lon_-122_389_246.png
409000,3,2.5,1890,2.0,0,0,3,7,1890,0,47.6225,-122.058,2340,216.4021164,C:\Users\vansh\Desktop\satellite imagery\project_root\images\lat_47_6225_lon_-122_058_247.png
1550000,5,4.25,6070,2.0,0,0,3,12,6070,0,47.5954,-121.95,4680,255.354201,C:\Users\vansh\Desktop\satellite imagery\project_root\images\lat_47_5954_lon_-121_95_248.png
212000,4,1.75,1250,1.0,0,0,4,7,1250,0,47.302,-122.382,1390,169.6,C:\Users\vansh\Desktop\satellite imagery\project_root\images\lat_47_302_lon_-122_382_249.png
152000,3,1.0,1090,1.0,0,0,4,6,1090,0,47.3155,-122.182,1090,139.4495413,C:\Users\vansh\Desktop\satellite imagery\project_root\images\lat_47_3155_lon_-122_182_250.png
375000,4,2.25,2100,2.0,0,0,4,8,2100,0,47.4698,-122.118,2000,178.5714286,C:\Users\vansh\Desktop\satellite imagery\project_root\images\lat_47_4698_lon_-122_118_251.png
260000,4,1.0,1220,1.5,0,0,3,6,1220,0,47.4924,-122.237,1210,213.1147541,C:\Users\vansh\Desktop\satellite imagery\project_root\images\lat_47_4924_lon_-122_237_252.png
853000,4,2.25,3440,2.0,0,0,3,10,3440,0,47.6674,-122.055,3210,247.9651163,C:\Users\vansh\Desktop\satellite imagery\project_root\images\lat_47_6674_lon_-122_055_253.png
765000,3,2.5,2700,2.0,0,0,3,10,2700,0,47.5597,-122.113,2840,283.3333333,C:\Users\vansh\Desktop\satellite imagery\project_root\images\lat_47_5597_lon_-122_113_254.png
739000,3,2.25,2220,1.0,0,0,4,8,1700,520,47.6383,-122.098,2500,332.8828829,C:\Users\vansh\Desktop\satellite imagery\project_root\images\lat_47_6383_lon_-122_098_255.png
206990,3,1.0,1330,1.0,0,0,5,6,1330,0,47.3174,-122.127,1300,155.6315789,C:\Users\vansh\Desktop\satellite imagery\project_root\images\lat_47_3174_lon_-122_127_256.png
495000,5,1.75,2760,1.0,0,0,3,8,1510,1250,47.7363,-122.298,1720,179.3478261,C:\Users\vansh\Desktop\satellite imagery\project_root\images\lat_47_7363_lon_-122_298_257.png
225000,3,1.0,1120,1.0,0,0,4,6,1120,0,47.2886,-122.274,1240,200.8928571,C:\Users\vansh\Desktop\satellite imagery\project_root\images\lat_47_2886_lon_-122_274_258.png
825000,4,3.0,2910,1.0,0,0,5,8,1800,1110,47.6939,-122.391,2390,283.5051546,C:\Users\vansh\Desktop\satellite imagery\project_root\images\lat_47_6939_lon_-122_391_259.png
1364000,4,2.5,3560,2.0,0,0,3,10,3560,0,47.6903,-122.213,1660,383.1460674,C:\Users\vansh\Desktop\satellite imagery\project_root\images\lat_47_6903_lon_-122_213_260.png
660000,5,2.25,2540,1.5,0,0,4,7,1510,1030,47.6729,-122.299,1780,259.8425197,C:\Users\vansh\Desktop\satellite imagery\project_root\images\lat_47_6729_lon_-122_299_261.png
221700,2,1.5,1556,1.0,0,0,4,7,1556,0,47.3891,-122.282,2250,142.4807198,C:\Users\vansh\Desktop\satellite imagery\project_root\images\lat_47_3891_lon_-122_282_262.png
330000,5,2.5,2620,1.0,0,0,3,7,1400,1220,47.72,-122.213,2390,125.9541985,C:\Users\vansh\Desktop\satellite imagery\project_root\images\lat_47_72_lon_-122_213_263.png
425000,3,1.5,1680,1.5,0,0,3,7,1680,0,47.6923,-121.869,1990,252.9761905,C:\Users\vansh\Desktop\satellite imagery\project_root\images\lat_47_6923_lon_-121_869_264.png
515000,5,1.75,1880,2.0,0,0,3,6,1880,0,47.5094,-122.165,1690,273.9361702,C:\Users\vansh\Desktop\satellite imagery\project_root\images\lat_47_5094_lon_-122_165_265.png
350000,3,1.75,1820,1.0,0,0,3,7,1230,590,47.7772,-122.296,1790,192.3076923,C:\Users\vansh\Desktop\satellite imagery\project_root\images\lat_47_7772_lon_-122_296_266.png
950000,3,2.75,2750,1.0,0,2,5,9,1810,940,47.5617,-122.134,2850,345.4545455,C:\Users\vansh\Desktop\satellite imagery\project_root\images\lat_47_5617_lon_-122_134_267.png
539000,3,1.5,1740,2.0,0,0,3,9,1740,0,47.6276,-122.053,2580,309.7701149,C:\Users\vansh\Desktop\satellite imagery\project_root\images\lat_47_6276_lon_-122_053_268.png
205000,3,1.0,1300,1.0,0,0,4,7,1300,0,47.3352,-122.297,2140,157.6923077,C:\Users\vansh\Desktop\satellite imagery\project_root\images\lat_47_3352_lon_-122_297_269.png
375000,3,1.75,1440,1.0,0,0,3,7,1440,0,47.7231,-122.17,1790,260.4166667,C:\Users\vansh\Desktop\satellite imagery\project_root\images\lat_47_7231_lon_-122_17_270.png
1569500,5,4.5,5620,3.0,0,3,3,11,4700,920,47.6482,-122.412,2360,279.2704626,C:\Users\vansh\Desktop\satellite imagery\project_root\images\lat_47_6482_lon_-122_412_271.png
454800,4,2.25,2490,1.0,0,1,4,7,1400,1090,47.6137,-122.06,3080,182.6506024,C:\Users\vansh\Desktop\satellite imagery\project_root\images\lat_47_6137_lon_-122_06_272.png
556000,3,2.25,2020,2.0,0,0,3,8,2020,0,47.6678,-122.165,2070,275.2475248,C:\Users\vansh\Desktop\satellite imagery\project_root\images\lat_47_6678_lon_-122_165_273.png
485000,3,2.5,3110,2.0,0,0,3,9,3110,0,47.4369,-122.147,2650,155.9485531,C:\Users\vansh\Desktop\satellite imagery\project_root\images\lat_47_4369_lon_-122_147_274.png
909000,4,2.5,3680,2.0,0,0,3,10,3680,0,47.5604,-122.107,2830,247.0108696,C:\Users\vansh\Desktop\satellite imagery\project_root\images\lat_47_5604_lon_-122_107_275.png
521500,3,2.25,1450,2.0,0,0,3,8,1140,310,47.6076,-122.304,1580,359.6551724,C:\Users\vansh\Desktop\satellite imagery\project_root\images\lat_47_6076_lon_-122_304_276.png
380000,2,2.5,1860,2.0,0,0,3,7,1860,0,47.776,-122.239,1860,204.3010753,C:\Users\vansh\Desktop\satellite imagery\project_root\images\lat_47_776_lon_-122_239_277.png
429950,3,1.5,2010,1.0,0,0,3,8,1570,440,47.7102,-122.281,1920,213.9054726,C:\Users\vansh\Desktop\satellite imagery\project_root\images\lat_47_7102_lon_-122_281_278.png
198500,2,1.0,1050,1.0,0,0,4,6,1050,0,47.3274,-122.346,990,189.047619,C:\Users\vansh\Desktop\satellite imagery\project_root\images\lat_47_3274_lon_-122_346_279.png
371000,3,1.75,1570,1.0,0,0,3,7,1080,490,47.4608,-122.34,1250,236.3057325,C:\Users\vansh\Desktop\satellite imagery\project_root\images\lat_47_4608_lon_-122_34_280.png
515000,5,2.75,2980,2.0,0,0,3,9,2980,0,47.7698,-122.235,2850,172.8187919,C:\Users\vansh\Desktop\satellite imagery\project_root\images\lat_47_7698_lon_-122_235_281.png
650000,3,2.5,3060,2.0,0,2,3,9,3060,0,47.5401,-121.861,3140,212.4183007,C:\Users\vansh\Desktop\satellite imagery\project_root\images\lat_47_5401_lon_-121_861_282.png
385000,3,2.25,1650,1.0,0,0,3,7,1260,390,47.7377,-122.197,1760,233.3333333,C:\Users\vansh\Desktop\satellite imagery\project_root\images\lat_47_7377_lon_-122_197_283.png
424500,4,1.5,1830,1.0,0,0,3,7,1080,750,47.7494,-122.236,1650,231.9672131,C:\Users\vansh\Desktop\satellite imagery\project_root\images\lat_47_7494_lon_-122_236_284.png
279000,4,2.75,2180,1.0,0,0,4,7,1330,850,47.4045,-122.174,1500,127.9816514,C:\Users\vansh\Desktop\satellite imagery\project_root\images\lat_47_4045_lon_-122_174_285.png
854000,4,2.75,3150,1.0,0,0,3,10,2480,670,47.7302,-122.106,3150,271.1111111,C:\Users\vansh\Desktop\satellite imagery\project_root\images\lat_47_7302_lon_-122_106_286.png
385000,3,1.75,1230,1.0,0,0,3,7,1230,0,47.7316,-122.224,1930,313.0081301,C:\Users\vansh\Desktop\satellite imagery\project_root\images\lat_47_7316_lon_-122_224_287.png
1008000,3,2.5,2240,1.0,0,0,4,9,2240,0,47.6483,-122.163,2900,450.0,C:\Users\vansh\Desktop\satellite imagery\project_root\images\lat_47_6483_lon_-122_163_288.png
234000,3,1.75,1420,1.0,0,0,4,7,1420,0,47.3113,-122.207,1660,164.7887324,C:\Users\vansh\Desktop\satellite imagery\project_root\images\lat_47_3113_lon_-122_207_289.png
460000,2,1.5,1790,1.5,0,0,4,8,1280,510,47.6871,-122.373,1540,256.9832402,C:\Users\vansh\Desktop\satellite imagery\project_root\images\lat_47_6871_lon_-122_373_290.png
736000,3,2.5,1980,3.0,0,2,3,8,1980,0,47.6294,-122.344,1980,371.7171717,C:\Users\vansh\Desktop\satellite imagery\project_root\images\lat_47_6294_lon_-122_344_291.png
580135,4,2.5,3150,2.0,0,0,3,8,3150,0,47.4787,-122.122,2650,184.1698413,C:\Users\vansh\Desktop\satellite imagery\project_root\images\lat_47_4787_lon_-122_122_292.png
530000,3,3.0,2450,1.5,0,3,3,8,2450,0,47.2215,-122.067,2300,216.3265306,C:\Users\vansh\Desktop\satellite imagery\project_root\images\lat_47_2215_lon_-122_067_293.png
520000,2,2.25,1530,3.0,0,0,3,8,1480,50,47.6533,-122.346,1530,339.869281,C:\Users\vansh\Desktop\satellite imagery\project_root\images\lat_47_6533_lon_-122_346_294.png
785000,3,2.75,3010,2.0,0,0,3,9,3010,0,47.5836,-121.994,2950,260.7973422,C:\Users\vansh\Desktop\satellite imagery\project_root\images\lat_47_5836_lon_-121_994_295.png
440000,4,2.0,1450,1.5,0,0,4,7,1450,0,47.7285,-122.24,1450,303.4482759,C:\Users\vansh\Desktop\satellite imagery\project_root\images\lat_47_7285_lon_-122_24_296.png
877500,4,2.0,3060,2.0,0,0,4,8,2040,1020,47.5795,-122.29,2730,286.7647059,C:\Users\vansh\Desktop\satellite imagery\project_root\images\lat_47_5795_lon_-122_29_297.png
274950,3,1.75,1670,1.0,0,0,3,7,1320,350,47.3776,-122.116,1650,164.6407186,C:\Users\vansh\Desktop\satellite imagery\project_root\images\lat_47_3776_lon_-122_116_298.png
325000,3,2.0,2330,1.5,0,0,3,6,1430,900,47.5585,-122.29,1160,139.4849785,C:\Users\vansh\Desktop\satellite imagery\project_root\images\lat_47_5585_lon_-122_29_299.png
390000,3,1.0,950,1.0,0,0,4,6,950,0,47.575,-122.289,1540,410.5263158,C:\Users\vansh\Desktop\satellite imagery\project_root\images\lat_47_575_lon_-122_289_300.png
571000,3,2.5,2600,2.0,0,0,3,9,2600,0,47.7387,-122.217,2660,219.6153846,C:\Users\vansh\Desktop\satellite imagery\project_root\images\lat_47_7387_lon_-122_217_301.png
585000,6,3.0,3870,2.0,0,0,3,8,2700,1170,47.7642,-122.098,2600,151.1627907,C:\Users\vansh\Desktop\satellite imagery\project_root\images\lat_47_7642_lon_-122_098_302.png
882566,4,2.5,3560,3.0,0,0,3,8,3560,0,47.7047,-122.113,3220,247.9117978,C:\Users\vansh\Desktop\satellite imagery\project_root\images\lat_47_7047_lon_-122_113_303.png
180000,2,1.0,770,1.0,0,0,3,7,770,0,47.762,-122.321,1060,233.7662338,C:\Users\vansh\Desktop\satellite imagery\project_root\images\lat_47_762_lon_-122_321_304.png
469950,3,3.25,1760,3.0,0,0,3,8,1760,0,47.7201,-122.301,1520,267.0170455,C:\Users\vansh\Desktop\satellite imagery\project_root\images\lat_47_7201_lon_-122_301_305.png
440000,3,1.75,1570,1.0,0,2,3,7,980,590,47.7166,-122.365,2420,280.2547771,C:\Users\vansh\Desktop\satellite imagery\project_root\images\lat_47_7166_lon_-122_365_306.png
435000,2,1.0,720,1.0,0,0,4,7,720,0,47.5641,-122.391,1330,604.1666667,C:\Users\vansh\Desktop\satellite imagery\project_root\images\lat_47_5641_lon_-122_391_307.png
409950,2,1.0,990,1.0,0,0,4,6,990,0,47.6839,-122.345,1120,414.0909091,C:\Users\vansh\Desktop\satellite imagery\project_root\images\lat_47_6839_lon_-122_345_308.png
552700,2,1.0,1100,1.0,0,0,3,7,1100,0,47.6361,-122.371,1110,502.4545455,C:\Users\vansh\Desktop\satellite imagery\project_root\images\lat_47_6361_lon_-122_371_309.png
249950,3,2.0,1670,1.0,0,0,3,7,1670,0,47.1948,-121.974,1670,149.6706587,C:\Users\vansh\Desktop\satellite imagery\project_root\images\lat_47_1948_lon_-121_974_310.png
520000,3,2.5,1480,3.0,0,0,3,8,1480,0,47.6199,-122.3,1480,351.3513514,C:\Users\vansh\Desktop\satellite imagery\project_root\images\lat_47_6199_lon_-122_3_311.png
825000,4,3.5,3810,2.0,0,0,3,9,3810,0,47.5018,-122.38,1950,216.5354331,C:\Users\vansh\Desktop\satellite imagery\project_root\images\lat_47_5018_lon_-122_38_312.png
269800,4,2.75,1830,2.0,0,0,3,8,1830,0,47.366,-122.308,1813,147.431694,C:\Users\vansh\Desktop\satellite imagery\project_root\images\lat_47_366_lon_-122_308_313.png
580000,3,2.5,2180,2.0,0,0,3,9,2180,0,47.733,-122.09,2630,266.0550459,C:\Users\vansh\Desktop\satellite imagery\project_root\images\lat_47_733_lon_-122_09_314.png
480000,6,5.0,3028,2.0,0,0,3,7,3028,0,47.3651,-122.197,1400,158.5204756,C:\Users\vansh\Desktop\satellite imagery\project_root\images\lat_47_3651_lon_-122_197_315.png
255000,3,1.0,1140,1.0,0,0,5,7,1140,0,47.2098,-122.004,1140,223.6842105,C:\Users\vansh\Desktop\satellite imagery\project_root\images\lat_47_2098_lon_-122_004_316.png
558000,4,3.25,3160,2.0,0,0,3,9,2460,700,47.5153,-122.178,2900,176.5822785,C:\Users\vansh\Desktop\satellite imagery\project_root\images\lat_47_5153_lon_-122_178_317.png
189950,4,2.0,1910,1.0,0,0,4,6,910,1000,47.3084,-122.234,1060,99.45026178,C:\Users\vansh\Desktop\satellite imagery\project_root\images\lat_47_3084_lon_-122_234_318.png
400000,6,2.5,3060,1.0,0,0,4,8,1530,1530,47.4379,-122.146,2690,130.7189542,C:\Users\vansh\Desktop\satellite imagery\project_root\images\lat_47_4379_lon_-122_146_319.png
237500,3,1.75,1480,1.0,0,0,3,7,1480,0,47.1967,-121.998,1130,160.472973,C:\Users\vansh\Desktop\satellite imagery\project_root\images\lat_47_1967_lon_-121_998_320.png
490000,4,2.25,2110,1.0,0,0,3,8,1630,480,47.752,-122.144,2370,232.2274882,C:\Users\vansh\Desktop\satellite imagery\project_root\images\lat_47_752_lon_-122_144_321.png
700000,3,2.5,2410,2.0,0,0,4,10,2410,0,47.6911,-122.103,2310,290.4564315,C:\Users\vansh\Desktop\satellite imagery\project_root\images\lat_47_6911_lon_-122_103_322.png
760000,5,1.5,3050,1.5,0,0,4,8,1920,1130,47.621,-122.302,1200,249.1803279,C:\Users\vansh\Desktop\satellite imagery\project_root\images\lat_47_621_lon_-122_302_323.png
500000,3,1.0,1220,1.0,0,0,3,7,1060,160,47.6775,-122.363,1350,409.8360656,C:\Users\vansh\Desktop\satellite imagery\project_root\images\lat_47_6775_lon_-122_363_324.png
580000,3,1.5,1800,1.0,0,0,3,8,1420,380,47.5778,-122.389,1800,322.2222222,C:\Users\vansh\Desktop\satellite imagery\project_root\images\lat_47_5778_lon_-122_389_325.png
800000,4,2.75,3260,2.0,0,0,3,9,3260,0,47.5395,-121.997,3450,245.398773,C:\Users\vansh\Desktop\satellite imagery\project_root\images\lat_47_5395_lon_-121_997_326.png
245000,3,2.25,1780,2.0,0,0,4,7,1780,0,47.3718,-122.182,1820,137.6404494,C:\Users\vansh\Desktop\satellite imagery\project_root\images\lat_47_3718_lon_-122_182_327.png
630000,3,1.0,1590,1.5,0,0,3,7,1590,0,47.662,-122.326,1570,396.2264151,C:\Users\vansh\Desktop\satellite imagery\project_root\images\lat_47_662_lon_-122_326_328.png
800000,2,1.0,1740,1.0,0,0,3,8,1740,0,47.6729,-122.335,1980,459.7701149,C:\Users\vansh\Desktop\satellite imagery\project_root\images\lat_47_6729_lon_-122_335_329.png
360000,3,1.75,1520,1.0,0,0,3,8,1220,300,47.7516,-122.299,1860,236.8421053,C:\Users\vansh\Desktop\satellite imagery\project_root\images\lat_47_7516_lon_-122_299_330.png
315000,5,3.0,2110,2.0,0,0,3,7,2110,0,47.3599,-122.176,1460,149.2890995,C:\Users\vansh\Desktop\satellite imagery\project_root\images\lat_47_3599_lon_-122_176_331.png
465000,3,2.25,2670,1.0,0,0,4,7,1640,1030,47.4608,-122.354,1970,174.1573034,C:\Users\vansh\Desktop\satellite imagery\project_root\images\lat_47_4608_lon_-122_354_332.png
440000,3,1.75,2030,1.0,0,0,4,7,2030,0,47.451,-122.365,1950,216.7487685,C:\Users\vansh\Desktop\satellite imagery\project_root\images\lat_47_451_lon_-122_365_333.png
345500,3,2.5,1930,2.0,0,0,3,8,1930,0,47.3518,-122.275,2050,179.015544,C:\Users\vansh\Desktop\satellite imagery\project_root\images\lat_47_3518_lon_-122_275_334.png
720000,4,2.5,2650,2.0,0,0,3,8,2110,540,47.683,-122.187,2000,271.6981132,C:\Users\vansh\Desktop\satellite imagery\project_root\images\lat_47_683_lon_-122_187_335.png
715000,4,2.5,3020,2.0,0,4,3,9,3020,0,47.5344,-121.874,3020,236.7549669,C:\Users\vansh\Desktop\satellite imagery\project_root\images\lat_47_5344_lon_-121_874_336.png
626000,3,1.75,2430,2.0,0,0,4,7,1760,670,47.6785,-122.372,1320,257.6131687,C:\Users\vansh\Desktop\satellite imagery\project_root\images\lat_47_6785_lon_-122_372_337.png
625000,2,1.75,1460,2.0,0,0,3,8,1000,460,47.6853,-122.356,1440,428.0821918,C:\Users\vansh\Desktop\satellite imagery\project_root\images\lat_47_6853_lon_-122_356_338.png
233000,3,2.0,1350,1.0,0,0,3,7,1350,0,47.3609,-122.053,1470,172.5925926,C:\Users\vansh\Desktop\satellite imagery\project_root\images\lat_47_3609_lon_-122_053_339.png
172040,3,2.25,1710,1.0,0,0,4,7,1130,580,47.3911,-122.191,1790,100.6081871,C:\Users\vansh\Desktop\satellite imagery\project_root\images\lat_47_3911_lon_-122_191_340.png
705000,2,2.5,2305,1.0,0,0,3,8,2305,0,47.7203,-122.024,1440,305.856833,C:\Users\vansh\Desktop\satellite imagery\project_root\images\lat_47_7203_lon_-122_024_341.png
190000,3,1.75,1100,1.0,0,0,3,6,1100,0,47.4864,-122.337,1350,172.7272727,C:\Users\vansh\Desktop\satellite imagery\project_root\images\lat_47_4864_lon_-122_337_342.png
247200,3,1.5,1910,1.5,0,0,4,7,1910,0,47.2782,-122.212,1770,129.4240838,C:\Users\vansh\Desktop\satellite imagery\project_root\images\lat_47_2782_lon_-122_212_343.png
442500,5,3.25,4240,2.0,0,0,3,8,3410,830,47.6472,-122.017,2980,104.3632075,C:\Users\vansh\Desktop\satellite imagery\project_root\images\lat_47_6472_lon_-122_017_344.png
344000,3,1.0,1150,1.0,0,0,4,6,1150,0,47.7422,-122.099,1400,299.1304348,C:\Users\vansh\Desktop\satellite imagery\project_root\images\lat_47_7422_lon_-122_099_345.png
475000,2,1.75,1320,1.0,0,1,3,7,1080,240,47.6639,-122.399,2070,359.8484848,C:\Users\vansh\Desktop\satellite imagery\project_root\images\lat_47_6639_lon_-122_399_346.png
1350000,3,2.0,2070,1.0,0,1,3,7,1590,480,47.616,-122.239,3000,652.173913,C:\Users\vansh\Desktop\satellite imagery\project_root\images\lat_47_616_lon_-122_239_347.png
675000,3,1.75,1660,1.0,0,0,3,7,1660,0,47.6503,-122.198,2090,406.626506,C:\Users\vansh\Desktop\satellite imagery\project_root\images\lat_47_6503_lon_-122_198_348.png
700000,4,2.5,2590,2.0,0,0,3,9,2590,0,47.7047,-122.128,2660,270.2702703,C:\Users\vansh\Desktop\satellite imagery\project_root\images\lat_47_7047_lon_-122_128_349.png
700000,3,1.75,2010,1.0,0,0,5,7,1230,780,47.6105,-122.309,2210,348.2587065,C:\Users\vansh\Desktop\satellite imagery\project_root\images\lat_47_6105_lon_-122_309_350.png
575000,2,1.75,1840,1.0,0,0,3,8,1140,700,47.6875,-122.393,1540,312.5,C:\Users\vansh\Desktop\satellite imagery\project_root\images\lat_47_6875_lon_-122_393_351.png
412000,3,2.5,1553,3.0,0,0,3,8,1553,0,47.7049,-122.34,1509,265.2929813,C:\Users\vansh\Desktop\satellite imagery\project_root\images\lat_47_7049_lon_-122_34_352.png
631000,5,2.0,2270,2.0,0,0,3,7,2270,0,47.6051,-122.319,1320,277.9735683,C:\Users\vansh\Desktop\satellite imagery\project_root\images\lat_47_6051_lon_-122_319_353.png
150000,3,1.0,1450,1.0,0,0,3,7,1450,0,47.5056,-122.244,1680,103.4482759,C:\Users\vansh\Desktop\satellite imagery\project_root\images\lat_47_5056_lon_-122_244_354.png
259000,4,1.75,1580,2.0,0,0,3,7,1580,0,47.4694,-121.745,1390,163.9240506,C:\Users\vansh\Desktop\satellite imagery\project_root\images\lat_47_4694_lon_-121_745_355.png
374000,4,2.5,2580,2.0,0,0,3,7,2580,0,47.4858,-122.185,2160,144.9612403,C:\Users\vansh\Desktop\satellite imagery\project_root\images\lat_47_4858_lon_-122_185_356.png
270000,3,2.0,2330,1.0,0,0,3,7,1390,940,47.2958,-122.368,1570,115.8798283,C:\Users\vansh\Desktop\satellite imagery\project_root\images\lat_47_2958_lon_-122_368_357.png
236000,3,1.75,1560,1.0,0,0,3,7,1560,0,47.2917,-122.366,1730,151.2820513,C:\Users\vansh\Desktop\satellite imagery\project_root\images\lat_47_2917_lon_-122_366_358.png
735000,4,3.5,2340,2.0,0,2,3,8,1730,610,47.5403,-122.028,2600,314.1025641,C:\Users\vansh\Desktop\satellite imagery\project_root\images\lat_47_5403_lon_-122_028_359.png
476000,3,2.25,1630,2.0,0,0,3,7,1630,0,47.6785,-122.03,1690,292.0245399,C:\Users\vansh\Desktop\satellite imagery\project_root\images\lat_47_6785_lon_-122_03_360.png
455000,3,2.25,1470,2.0,0,0,4,7,1470,0,47.5667,-122.018,1560,309.5238095,C:\Users\vansh\Desktop\satellite imagery\project_root\images\lat_47_5667_lon_-122_018_361.png
175000,6,1.5,1930,1.0,0,0,3,7,1030,900,47.4869,-122.34,1780,90.67357513,C:\Users\vansh\Desktop\satellite imagery\project_root\images\lat_47_4869_lon_-122_34_362.png
346900,4,2.5,1970,2.0,0,0,3,8,1970,0,47.449,-122.205,2230,176.0913706,C:\Users\vansh\Desktop\satellite imagery\project_root\images\lat_47_449_lon_-122_205_363.png
360000,1,2.25,2060,1.5,0,0,3,7,1560,500,47.3291,-122.304,2060,174.7572816,C:\Users\vansh\Desktop\satellite imagery\project_root\images\lat_47_3291_lon_-122_304_364.png
267500,3,1.5,1390,2.0,0,0,3,7,1390,0,47.5506,-122.29,1100,192.4460432,C:\Users\vansh\Desktop\satellite imagery\project_root\images\lat_47_5506_lon_-122_29_365.png
1080000,3,2.75,2770,1.0,0,0,4,8,1650,1120,47.6496,-122.413,2340,389.8916968,C:\Users\vansh\Desktop\satellite imagery\project_root\images\lat_47_6496_lon_-122_413_366.png
450000,3,1.5,1390,1.0,0,0,3,7,1390,0,47.7025,-122.196,1750,323.7410072,C:\Users\vansh\Desktop\satellite imagery\project_root\images\lat_47_7025_lon_-122_196_367.png
360000,4,2.0,1650,1.0,0,0,4,7,860,790,47.7765,-122.324,1410,218.1818182,C:\Users\vansh\Desktop\satellite imagery\project_root\images\lat_47_7765_lon_-122_324_368.png
285000,3,1.75,1600,1.0,0,0,3,7,1600,0,47.2831,-122.199,1620,178.125,C:\Users\vansh\Desktop\satellite imagery\project_root\images\lat_47_2831_lon_-122_199_369.png
335000,3,2.5,1700,2.0,0,0,3,7,1700,0,47.3826,-122.028,2190,197.0588235,C:\Users\vansh\Desktop\satellite imagery\project_root\images\lat_47_3826_lon_-122_028_370.png
1146800,4,3.5,4210,2.0,0,0,3,10,4210,0,47.5905,-122.117,3860,272.3990499,C:\Users\vansh\Desktop\satellite imagery\project_root\images\lat_47_5905_lon_-122_117_371.png
417000,3,2.5,1300,2.0,0,0,3,7,1060,240,47.6591,-122.392,1320,320.7692308,C:\Users\vansh\Desktop\satellite imagery\project_root\images\lat_47_6591_lon_-122_392_372.png
550000,5,1.0,2150,1.5,0,0,3,7,2150,0,47.5519,-121.803,1460,255.8139535,C:\Users\vansh\Desktop\satellite imagery\project_root\images\lat_47_5519_lon_-121_803_373.png
1238000,4,3.5,4670,2.0,0,3,3,11,3820,850,47.5414,-121.994,4310,265.0963597,C:\Users\vansh\Desktop\satellite imagery\project_root\images\lat_47_5414_lon_-121_994_374.png
140000,3,1.75,1270,2.0,0,0,3,7,1270,0,47.3563,-122.149,1270,110.2362205,C:\Users\vansh\Desktop\satellite imagery\project_root\images\lat_47_3563_lon_-122_149_375.png
312620,3,2.5,1260,1.0,0,0,3,7,1260,0,47.4442,-121.762,1430,248.1111111,C:\Users\vansh\Desktop\satellite imagery\project_root\images\lat_47_4442_lon_-121_762_376.png
2983000,5,5.5,7400,2.0,0,3,3,13,6290,1110,47.5431,-122.112,6110,403.1081081,C:\Users\vansh\Desktop\satellite imagery\project_root\images\lat_47_5431_lon_-122_112_377.png
305000,2,2.25,1610,2.0,0,0,5,7,1610,0,47.5184,-122.196,1950,189.4409938,C:\Users\vansh\Desktop\satellite imagery\project_root\images\lat_47_5184_lon_-122_196_378.png
775000,5,2.5,2600,2.0,0,0,3,9,2600,0,47.5409,-122.39,1620,298.0769231,C:\Users\vansh\Desktop\satellite imagery\project_root\images\lat_47_5409_lon_-122_39_379.png
425000,3,1.0,1180,1.0,0,0,3,7,1180,0,47.7028,-122.295,1740,360.1694915,C:\Users\vansh\Desktop\satellite imagery\project_root\images\lat_47_7028_lon_-122_295_380.png
435000,3,1.0,1180,1.0,0,0,3,7,1060,120,47.6867,-122.378,1630,368.6440678,C:\Users\vansh\Desktop\satellite imagery\project_root\images\lat_47_6867_lon_-122_378_381.png
1050000,4,3.25,4020,2.0,0,0,3,11,4020,0,47.5217,-122.155,3190,261.1940299,C:\Users\vansh\Desktop\satellite imagery\project_root\images\lat_47_5217_lon_-122_155_382.png
263900,3,2.5,1658,2.0,0,0,3,8,1658,0,47.3667,-122.307,1658,159.1676719,C:\Users\vansh\Desktop\satellite imagery\project_root\images\lat_47_3667_lon_-122_307_383.png
280000,2,1.0,850,1.0,0,0,3,6,850,0,47.4889,-122.299,1100,329.4117647,C:\Users\vansh\Desktop\satellite imagery\project_root\images\lat_47_4889_lon_-122_299_384.png
643403,3,2.5,2350,1.0,0,0,4,9,2350,0,47.6156,-122.108,2320,273.7885106,C:\Users\vansh\Desktop\satellite imagery\project_root\images\lat_47_6156_lon_-122_108_385.png
281000,3,1.75,1350,1.0,0,0,3,7,1350,0,47.4378,-122.279,1600,208.1481481,C:\Users\vansh\Desktop\satellite imagery\project_root\images\lat_47_4378_lon_-122_279_386.png
317750,3,2.5,1980,2.0,0,0,3,7,1980,0,47.3682,-122.117,1980,160.479798,C:\Users\vansh\Desktop\satellite imagery\project_root\images\lat_47_3682_lon_-122_117_387.png
485000,3,2.75,1670,1.5,0,0,4,7,1670,0,47.6551,-122.36,1370,290.4191617,C:\Users\vansh\Desktop\satellite imagery\project_root\images\lat_47_6551_lon_-122_36_388.png
810000,4,2.75,2820,1.5,0,0,3,8,2170,650,47.6376,-122.394,1740,287.2340426,C:\Users\vansh\Desktop\satellite imagery\project_root\images\lat_47_6376_lon_-122_394_389.png
900000,4,2.5,2230,2.0,0,0,5,8,1540,690,47.6698,-122.334,2020,403.5874439,C:\Users\vansh\Desktop\satellite imagery\project_root\images\lat_47_6698_lon_-122_334_390.png
1220000,4,2.25,3200,2.0,0,0,4,9,3200,0,47.5494,-122.216,3070,381.25,C:\Users\vansh\Desktop\satellite imagery\project_root\images\lat_47_5494_lon_-122_216_391.png
344900,4,1.75,1820,1.0,0,0,4,7,1100,720,47.7545,-122.357,1700,189.5054945,C:\Users\vansh\Desktop\satellite imagery\project_root\images\lat_47_7545_lon_-122_357_392.png
639000,3,2.5,2010,2.0,0,0,3,9,1610,400,47.5573,-122.287,1660,317.9104478,C:\Users\vansh\Desktop\satellite imagery\project_root\images\lat_47_5573_lon_-122_287_393.png
607500,3,3.25,1530,3.0,0,0,3,8,1530,0,47.6706,-122.378,1530,397.0588235,C:\Users\vansh\Desktop\satellite imagery\project_root\images\lat_47_6706_lon_-122_378_394.png
244000,4,1.0,1450,1.0,0,0,3,6,1450,0,47.4972,-122.348,1160,168.2758621,C:\Users\vansh\Desktop\satellite imagery\project_root\images\lat_47_4972_lon_-122_348_395.png
312500,4,2.5,2160,2.0,0,0,3,7,2160,0,47.3585,-122.195,1990,144.6759259,C:\Users\vansh\Desktop\satellite imagery\project_root\images\lat_47_3585_lon_-122_195_396.png
1430000,4,2.5,3380,2.0,0,0,3,10,3380,0,47.6292,-122.225,3390,423.0769231,C:\Users\vansh\Desktop\satellite imagery\project_root\images\lat_47_6292_lon_-122_225_397.png
270000,3,1.5,1300,1.0,0,0,3,7,900,400,47.3737,-122.224,1630,207.6923077,C:\Users\vansh\Desktop\satellite imagery\project_root\images\lat_47_3737_lon_-122_224_398.png
242000,4,1.0,2240,1.0,0,0,3,7,1120,1120,47.5089,-122.346,1080,108.0357143,C:\Users\vansh\Desktop\satellite imagery\project_root\images\lat_47_5089_lon_-122_346_399.png
635000,3,2.5,3350,2.0,0,0,3,8,2550,800,47.7277,-122.207,2340,189.5522388,C:\Users\vansh\Desktop\satellite imagery\project_root\images\lat_47_7277_lon_-122_207_400.png
216500,2,1.0,1060,1.0,0,0,3,6,1060,0,47.3688,-122.08,910,204.245283,C:\Users\vansh\Desktop\satellite imagery\project_root\images\lat_47_3688_lon_-122_08_401.png
395000,3,2.5,1630,1.0,0,0,3,7,1120,510,47.7454,-122.103,2050,242.3312883,C:\Users\vansh\Desktop\satellite imagery\project_root\images\lat_47_7454_lon_-122_103_402.png
875000,4,3.0,3720,1.0,0,0,4,9,1930,1790,47.5911,-122.177,3160,235.2150538,C:\Users\vansh\Desktop\satellite imagery\project_root\images\lat_47_5911_lon_-122_177_403.png
277000,4,1.0,1450,1.0,0,0,3,6,990,460,47.5131,-122.357,1440,191.0344828,C:\Users\vansh\Desktop\satellite imagery\project_root\images\lat_47_5131_lon_-122_357_404.png
173000,4,2.0,1200,1.0,0,0,5,7,1200,0,47.4413,-122.277,1350,144.1666667,C:\Users\vansh\Desktop\satellite imagery\project_root\images\lat_47_4413_lon_-122_277_405.png
511000,3,1.0,1430,1.0,0,0,3,7,980,450,47.6873,-122.336,1450,357.3426573,C:\Users\vansh\Desktop\satellite imagery\project_root\images\lat_47_6873_lon_-122_336_406.png
215000,4,1.0,1130,1.0,0,0,4,7,1130,0,47.3437,-122.316,1540,190.2654867,C:\Users\vansh\Desktop\satellite imagery\project_root\images\lat_47_3437_lon_-122_316_407.png
339950,5,2.0,1890,2.0,0,0,4,7,1890,0,47.5018,-122.242,1170,179.8677249,C:\Users\vansh\Desktop\satellite imagery\project_root\images\lat_47_5018_lon_-122_242_408.png
247000,3,2.25,1640,1.0,0,0,4,8,1180,460,47.3739,-122.29,1930,150.6097561,C:\Users\vansh\Desktop\satellite imagery\project_root\images\lat_47_3739_lon_-122_29_409.png
364000,3,2.5,1800,2.0,0,0,3,8,1800,0,47.5455,-122.371,1580,202.2222222,C:\Users\vansh\Desktop\satellite imagery\project_root\images\lat_47_5455_lon_-122_371_410.png
445000,4,1.0,1460,1.0,0,2,3,6,780,680,47.566,-122.38,1560,304.7945205,C:\Users\vansh\Desktop\satellite imagery\project_root\images\lat_47_566_lon_-122_38_411.png
430000,3,2.0,1540,1.0,0,0,4,6,1540,0,47.7372,-122.307,1490,279.2207792,C:\Users\vansh\Desktop\satellite imagery\project_root\images\lat_47_7372_lon_-122_307_412.png
324747,3,2.5,2060,2.0,0,0,3,8,2060,0,47.3706,-122.017,2370,157.6441748,C:\Users\vansh\Desktop\satellite imagery\project_root\images\lat_47_3706_lon_-122_017_413.png
315000,3,1.5,1700,1.0,0,0,3,7,1250,450,47.7384,-122.324,1340,185.2941176,C:\Users\vansh\Desktop\satellite imagery\project_root\images\lat_47_7384_lon_-122_324_414.png
740000,3,2.5,2710,2.0,0,2,3,10,2000,710,47.7256,-122.259,2710,273.0627306,C:\Users\vansh\Desktop\satellite imagery\project_root\images\lat_47_7256_lon_-122_259_415.png
299000,3,1.0,1550,1.0,0,0,3,7,1250,300,47.5413,-122.281,2120,192.9032258,C:\Users\vansh\Desktop\satellite imagery\project_root\images\lat_47_5413_lon_-122_281_416.png
190000,3,1.0,950,1.0,0,0,3,7,950,0,47.3188,-122.174,1360,200.0,C:\Users\vansh\Desktop\satellite imagery\project_root\images\lat_47_3188_lon_-122_174_417.png
563500,4,1.75,2085,1.0,0,0,3,7,1610,475,47.5753,-121.95,2690,270.263789,C:\Users\vansh\Desktop\satellite imagery\project_root\images\lat_47_5753_lon_-121_95_418.png
403000,2,1.0,894,2.0,0,0,3,7,894,0,47.6911,-122.313,1131,450.7829978,C:\Users\vansh\Desktop\satellite imagery\project_root\images\lat_47_6911_lon_-122_313_419.png
415000,1,1.0,760,1.0,0,0,3,7,760,0,47.6059,-122.303,1270,546.0526316,C:\Users\vansh\Desktop\satellite imagery\project_root\images\lat_47_6059_lon_-122_303_420.png
705000,4,3.0,3150,2.0,0,0,3,9,3150,0,47.5959,-122.018,3150,223.8095238,C:\Users\vansh\Desktop\satellite imagery\project_root\images\lat_47_5959_lon_-122_018_421.png
510000,2,2.25,1470,2.0,0,0,3,8,1340,130,47.6768,-122.301,1470,346.9387755,C:\Users\vansh\Desktop\satellite imagery\project_root\images\lat_47_6768_lon_-122_301_422.png
499000,4,2.75,2250,2.0,0,0,3,9,2250,0,47.7353,-121.962,2450,221.7777778,C:\Users\vansh\Desktop\satellite imagery\project_root\images\lat_47_7353_lon_-121_962_423.png
667000,3,1.5,1720,2.0,0,0,3,8,1720,0,47.6746,-122.4,2210,387.7906977,C:\Users\vansh\Desktop\satellite imagery\project_root\images\lat_47_6746_lon_-122_4_424.png
823000,3,2.5,2560,2.0,0,0,4,9,2560,0,47.5497,-122.145,2710,321.484375,C:\Users\vansh\Desktop\satellite imagery\project_root\images\lat_47_5497_lon_-122_145_425.png
335000,3,1.75,1270,1.0,0,0,3,7,1270,0,47.693,-122.361,1490,263.7795276,C:\Users\vansh\Desktop\satellite imagery\project_root\images\lat_47_693_lon_-122_361_426.png
209950,4,1.0,1630,1.0,0,0,3,6,1630,0,47.3052,-122.362,1190,128.803681,C:\Users\vansh\Desktop\satellite imagery\project_root\images\lat_47_3052_lon_-122_362_427.png
252000,3,1.5,1150,1.0,0,0,3,7,1150,0,47.4752,-122.345,1220,219.1304348,C:\Users\vansh\Desktop\satellite imagery\project_root\images\lat_47_4752_lon_-122_345_428.png
253000,3,2.25,1440,1.0,0,0,3,7,1440,0,47.3857,-122.212,1590,175.6944444,C:\Users\vansh\Desktop\satellite imagery\project_root\images\lat_47_3857_lon_-122_212_429.png
472000,3,1.5,1740,1.0,0,0,4,7,1740,0,47.5897,-122.136,1390,271.2643678,C:\Users\vansh\Desktop\satellite imagery\project_root\images\lat_47_5897_lon_-122_136_430.png
370000,3,2.5,1650,3.0,0,0,3,8,1650,0,47.7107,-122.332,1650,224.2424242,C:\Users\vansh\Desktop\satellite imagery\project_root\images\lat_47_7107_lon_-122_332_431.png
478000,3,2.5,3040,2.0,0,0,3,9,3040,0,47.51,-122.185,2670,157.2368421,C:\Users\vansh\Desktop\satellite imagery\project_root\images\lat_47_51_lon_-122_185_432.png
225000,3,1.0,1250,1.0,0,0,3,6,1250,0,47.4902,-122.256,1800,180.0,C:\Users\vansh\Desktop\satellite imagery\project_root\images\lat_47_4902_lon_-122_256_433.png
300000,2,1.0,960,1.0,0,0,3,6,960,0,47.7341,-122.3,1160,312.5,C:\Users\vansh\Desktop\satellite imagery\project_root\images\lat_47_7341_lon_-122_3_434.png
206000,2,1.0,810,1.0,0,0,5,6,810,0,47.4882,-122.325,1090,254.3209877,C:\Users\vansh\Desktop\satellite imagery\project_root\images\lat_47_4882_lon_-122_325_435.png
275000,3,1.75,1490,1.0,0,0,3,8,1490,0,47.3817,-122.166,1740,184.5637584,C:\Users\vansh\Desktop\satellite imagery\project_root\images\lat_47_3817_lon_-122_166_436.png
218500,2,1.0,1600,1.0,0,0,4,7,1390,210,47.3098,-122.21,1502,136.5625,C:\Users\vansh\Desktop\satellite imagery\project_root\images\lat_47_3098_lon_-122_21_437.png
290000,4,1.75,1990,2.0,0,0,4,7,1870,120,47.5131,-122.313,1710,145.7286432,C:\Users\vansh\Desktop\satellite imagery\project_root\images\lat_47_5131_lon_-122_313_438.png
1000000,5,2.5,4670,2.0,0,0,3,11,4670,0,47.63,-122.011,3810,214.1327623,C:\Users\vansh\Desktop\satellite imagery\project_root\images\lat_47_63_lon_-122_011_439.png
590000,2,2.5,1450,2.0,0,0,3,8,1220,230,47.665,-122.285,1440,406.8965517,C:\Users\vansh\Desktop\satellite imagery\project_root\images\lat_47_665_lon_-122_285_440.png
335000,3,2.0,1490,1.0,0,0,4,7,1490,0,47.7639,-122.363,1640,224.8322148,C:\Users\vansh\Desktop\satellite imagery\project_root\images\lat_47_7639_lon_-122_363_441.png
430000,5,2.5,3860,1.0,0,3,4,8,2300,1560,47.3117,-122.254,2520,111.3989637,C:\Users\vansh\Desktop\satellite imagery\project_root\images\lat_47_3117_lon_-122_254_442.png
525000,3,2.5,3030,2.0,0,0,3,8,3030,0,47.4944,-122.15,3030,173.2673267,C:\Users\vansh\Desktop\satellite imagery\project_root\images\lat_47_4944_lon_-122_15_443.png
717500,3,2.5,2530,2.0,0,0,3,8,2530,0,47.6853,-122.16,2140,283.5968379,C:\Users\vansh\Desktop\satellite imagery\project_root\images\lat_47_6853_lon_-122_16_444.png
402000,2,1.0,710,2.0,0,0,4,7,710,0,47.6412,-122.329,1370,566.1971831,C:\Users\vansh\Desktop\satellite imagery\project_root\images\lat_47_6412_lon_-122_329_445.png
164000,3,1.0,1070,1.0,0,0,3,7,1070,0,47.2899,-122.192,1190,153.271028,C:\Users\vansh\Desktop\satellite imagery\project_root\images\lat_47_2899_lon_-122_192_446.png
575000,3,2.0,1730,1.0,0,0,4,7,1730,0,47.5875,-122.134,1470,332.3699422,C:\Users\vansh\Desktop\satellite imagery\project_root\images\lat_47_5875_lon_-122_134_447.png
288790,4,2.0,1390,3.0,0,0,3,7,1390,0,47.5401,-122.026,1390,207.7625899,C:\Users\vansh\Desktop\satellite imagery\project_root\images\lat_47_5401_lon_-122_026_448.png
520000,3,2.0,1510,1.0,0,0,5,7,930,580,47.5425,-122.39,1510,344.3708609,C:\Users\vansh\Desktop\satellite imagery\project_root\images\lat_47_5425_lon_-122_39_449.png
452000,4,1.75,1570,1.0,0,0,3,7,1570,0,47.7373,-122.197,1870,287.8980892,C:\Users\vansh\Desktop\satellite imagery\project_root\images\lat_47_7373_lon_-122_197_450.png
834995,5,1.5,3360,2.0,0,0,3,9,3360,0,47.6072,-122.053,3230,248.5104167,C:\Users\vansh\Desktop\satellite imagery\project_root\images\lat_47_6072_lon_-122_053_451.png
325000,2,1.5,1180,3.0,0,0,3,8,1180,0,47.7074,-122.356,1180,275.4237288,C:\Users\vansh\Desktop\satellite imagery\project_root\images\lat_47_7074_lon_-122_356_452.png
419000,2,2.25,1180,2.0,0,0,3,8,840,340,47.6124,-122.309,1310,355.0847458,C:\Users\vansh\Desktop\satellite imagery\project_root\images\lat_47_6124_lon_-122_309_453.png
850000,2,1.5,1800,1.0,0,4,4,7,900,900,47.5934,-122.39,2090,472.2222222,C:\Users\vansh\Desktop\satellite imagery\project_root\images\lat_47_5934_lon_-122_39_454.png
785000,4,2.5,3270,2.0,0,0,3,9,3270,0,47.5373,-122.051,3120,240.0611621,C:\Users\vansh\Desktop\satellite imagery\project_root\images\lat_47_5373_lon_-122_051_455.png
1615000,4,3.25,4250,2.0,0,4,3,12,3020,1230,47.5507,-122.113,4940,380.0,C:\Users\vansh\Desktop\satellite imagery\project_root\images\lat_47_5507_lon_-122_113_456.png
425000,4,2.5,2440,2.0,0,0,3,7,2440,0,47.5406,-121.889,2440,174.1803279,C:\Users\vansh\Desktop\satellite imagery\project_root\images\lat_47_5406_lon_-121_889_457.png
685000,4,2.5,2770,2.0,0,0,4,9,2770,0,47.7751,-122.088,2940,247.2924188,C:\Users\vansh\Desktop\satellite imagery\project_root\images\lat_47_7751_lon_-122_088_458.png
357500,3,3.5,2080,2.0,0,0,3,8,2080,0,47.35,-122.005,2080,171.875,C:\Users\vansh\Desktop\satellite imagery\project_root\images\lat_47_35_lon_-122_005_459.png
550000,4,1.0,1440,1.5,0,0,4,7,1440,0,47.5694,-122.385,1010,381.9444444,C:\Users\vansh\Desktop\satellite imagery\project_root\images\lat_47_5694_lon_-122_385_460.png
799000,4,1.5,1810,1.0,0,0,3,7,1500,310,47.7273,-122.351,860,441.4364641,C:\Users\vansh\Desktop\satellite imagery\project_root\images\lat_47_7273_lon_-122_351_461.png
500000,4,2.5,1940,2.0,0,0,3,8,1940,0,47.685,-122.158,2250,257.7319588,C:\Users\vansh\Desktop\satellite imagery\project_root\images\lat_47_685_lon_-122_158_462.png
403900,4,2.5,2050,1.0,0,2,4,8,1690,360,47.398,-122.31,2190,197.0243902,C:\Users\vansh\Desktop\satellite imagery\project_root\images\lat_47_398_lon_-122_31_463.png
355000,3,1.0,1600,1.5,0,0,5,6,1080,520,47.7232,-122.289,1340,221.875,C:\Users\vansh\Desktop\satellite imagery\project_root\images\lat_47_7232_lon_-122_289_464.png
614950,3,1.0,1500,1.5,0,0,5,7,1500,0,47.6333,-122.362,1780,409.9666667,C:\Users\vansh\Desktop\satellite imagery\project_root\images\lat_47_6333_lon_-122_362_465.png
272000,4,2.25,1880,2.0,0,0,3,7,1880,0,47.3214,-122.347,1580,144.6808511,C:\Users\vansh\Desktop\satellite imagery\project_root\images\lat_47_3214_lon_-122_347_466.png
425000,3,1.0,980,1.5,0,0,3,7,980,0,47.5663,-122.274,2030,433.6734694,C:\Users\vansh\Desktop\satellite imagery\project_root\images\lat_47_5663_lon_-122_274_467.png
447000,3,2.5,1740,2.0,0,0,3,7,1740,0,47.744,-122.181,1920,256.8965517,C:\Users\vansh\Desktop\satellite imagery\project_root\images\lat_47_744_lon_-122_181_468.png
544500,5,1.0,1690,1.5,0,0,3,7,1690,0,47.6746,-122.325,1230,322.1893491,C:\Users\vansh\Desktop\satellite imagery\project_root\images\lat_47_6746_lon_-122_325_469.png
3120000,3,3.5,4490,2.0,1,4,3,12,4490,0,47.6997,-122.24,2710,694.8775056,C:\Users\vansh\Desktop\satellite imagery\project_root\images\lat_47_6997_lon_-122_24_470.png
285000,2,1.0,1010,1.0,0,0,3,7,1010,0,47.7651,-122.291,1890,282.1782178,C:\Users\vansh\Desktop\satellite imagery\project_root\images\lat_47_7651_lon_-122_291_471.png
631500,2,2.5,1780,3.0,0,0,3,8,1780,0,47.6704,-122.358,2050,354.7752809,C:\Users\vansh\Desktop\satellite imagery\project_root\images\lat_47_6704_lon_-122_358_472.png
398651,4,2.5,2650,2.0,0,0,3,8,2650,0,47.5019,-122.34,2030,150.4343396,C:\Users\vansh\Desktop\satellite imagery\project_root\images\lat_47_5019_lon_-122_34_473.png
582000,4,1.75,2120,1.0,0,1,3,7,1190,930,47.6964,-122.4,2070,274.5283019,C:\Users\vansh\Desktop\satellite imagery\project_root\images\lat_47_6964_lon_-122_4_474.png
685000,3,2.5,1460,1.0,0,0,4,7,1460,0,47.5895,-122.232,2200,469.1780822,C:\Users\vansh\Desktop\satellite imagery\project_root\images\lat_47_5895_lon_-122_232_475.png
750000,4,2.75,2810,2.0,0,0,3,9,2810,0,47.7081,-122.116,2990,266.9039146,C:\Users\vansh\Desktop\satellite imagery\project_root\images\lat_47_7081_lon_-122_116_476.png
235000,4,1.0,1360,1.5,0,0,3,6,1360,0,47.5054,-122.301,1280,172.7941176,C:\Users\vansh\Desktop\satellite imagery\project_root\images\lat_47_5054_lon_-122_301_477.png
700500,3,2.5,2560,2.0,0,0,3,9,2560,0,47.7354,-122.095,2820,273.6328125,C:\Users\vansh\Desktop\satellite imagery\project_root\images\lat_47_7354_lon_-122_095_478.png
111300,2,1.0,1060,1.0,0,0,4,5,1060,0,47.3066,-122.223,940,105.0,C:\Users\vansh\Desktop\satellite imagery\project_root\images\lat_47_3066_lon_-122_223_479.png
302000,3,1.0,1600,2.0,0,0,2,7,1600,0,47.6028,-122.312,1310,188.75,C:\Users\vansh\Desktop\satellite imagery\project_root\images\lat_47_6028_lon_-122_312_480.png
244000,2,1.0,1180,1.0,0,0,4,7,1180,0,47.4358,-122.336,1330,206.779661,C:\Users\vansh\Desktop\satellite imagery\project_root\images\lat_47_4358_lon_-122_336_481.png
186375,3,1.0,1000,1.0,0,0,2,7,1000,0,47.472,-122.344,1150,186.375,C:\Users\vansh\Desktop\satellite imagery\project_root\images\lat_47_472_lon_-122_344_482.png
225000,3,2.5,1020,2.0,0,0,3,7,720,300,47.5294,-122.361,1060,220.5882353,C:\Users\vansh\Desktop\satellite imagery\project_root\images\lat_47_5294_lon_-122_361_483.png
532000,3,1.0,1820,1.0,0,0,3,7,1120,700,47.5773,-122.383,1500,292.3076923,C:\Users\vansh\Desktop\satellite imagery\project_root\images\lat_47_5773_lon_-122_383_484.png
375000,2,1.0,710,1.0,0,1,3,5,710,0,47.64,-122.394,1810,528.1690141,C:\Users\vansh\Desktop\satellite imagery\project_root\images\lat_47_64_lon_-122_394_485.png
478000,2,1.75,1960,1.0,0,0,4,7,980,980,47.6531,-122.401,1650,243.877551,C:\Users\vansh\Desktop\satellite imagery\project_root\images\lat_47_6531_lon_-122_401_486.png
530000,2,2.25,1260,3.0,0,0,3,8,1260,0,47.6538,-122.356,1300,420.6349206,C:\Users\vansh\Desktop\satellite imagery\project_root\images\lat_47_6538_lon_-122_356_487.png
215000,3,2.0,1470,1.5,0,0,3,7,1470,0,47.3084,-122.331,1390,146.2585034,C:\Users\vansh\Desktop\satellite imagery\project_root\images\lat_47_3084_lon_-122_331_488.png
338900,3,2.25,1936,1.0,0,0,3,8,1936,0,47.3714,-122.197,1410,175.0516529,C:\Users\vansh\Desktop\satellite imagery\project_root\images\lat_47_3714_lon_-122_197_489.png
344950,3,1.0,1090,1.0,0,0,4,7,1090,0,47.7155,-122.211,1440,316.4678899,C:\Users\vansh\Desktop\satellite imagery\project_root\images\lat_47_7155_lon_-122_211_490.png
430000,3,3.25,1550,3.0,0,0,3,8,1550,0,47.6767,-122.291,1550,277.4193548,C:\Users\vansh\Desktop\satellite imagery\project_root\images\lat_47_6767_lon_-122_291_491.png
440150,2,1.0,1110,1.0,0,0,5,7,1000,110,47.7184,-122.355,1410,396.5315315,C:\Users\vansh\Desktop\satellite imagery\project_root\images\lat_47_7184_lon_-122_355_492.png
432500,3,1.75,1470,1.0,0,0,3,8,1470,0,47.6687,-122.154,1470,294.2176871,C:\Users\vansh\Desktop\satellite imagery\project_root\images\lat_47_6687_lon_-122_154_493.png
500000,4,2.5,1770,1.5,0,0,4,6,1770,0,47.719,-122.173,1460,282.4858757,C:\Users\vansh\Desktop\satellite imagery\project_root\images\lat_47_719_lon_-122_173_494.png
645000,3,3.25,3870,2.0,0,2,3,9,2970,900,47.5545,-122.354,2970,166.6666667,C:\Users\vansh\Desktop\satellite imagery\project_root\images\lat_47_5545_lon_-122_354_495.png
925000,4,1.75,2710,1.0,0,0,4,9,1430,1280,47.561,-122.153,2640,341.3284133,C:\Users\vansh\Desktop\satellite imagery\project_root\images\lat_47_561_lon_-122_153_496.png
405000,3,1.75,1670,1.0,0,0,3,7,1140,530,47.7198,-122.193,1670,242.5149701,C:\Users\vansh\Desktop\satellite imagery\project_root\images\lat_47_7198_lon_-122_193_497.png
772000,4,2.75,3470,1.0,0,0,4,8,1750,1720,47.6339,-122.18,2950,222.4783862,C:\Users\vansh\Desktop\satellite imagery\project_root\images\lat_47_6339_lon_-122_18_498.png
358000,2,1.0,930,1.0,0,0,3,6,930,0,47.7095,-122.35,1080,384.9462366,C:\Users\vansh\Desktop\satellite imagery\project_root\images\lat_47_7095_lon_-122_35_499.png
